,name,cate_1,cate_2,cate_3,dong,lon,lat,cate_mix,naver_keyword,naver_map_url,star_point,blog_review_qty,blog_review_text
18,맛생맛사,한식,한식/백반/한정식,한식 음식점업,명동,37.56698417,126.98849,맛생맛사 한식 한식 백반 한정식 한식 음식점업,명동%20맛생맛사,https://m.place.naver.com/restaurant/33705879,null,null,null
277,한우방,한식,갈비/삼겹살,한식 음식점업,명동,37.56537708,126.983916,한우방 한식 갈비 삼겹살 한식 음식점업,명동%20한우방,https://m.place.naver.com/restaurant/1788142722,4.34,9,[]
533,고려보쌈,한식,족발/보쌈전문,한식 음식점업,명동,37.56714323,126.9787076,고려보쌈 한식 족발 보쌈전문 한식 음식점업,명동%20고려보쌈,https://m.place.naver.com/restaurant/38010908,4.54,8,"[<span class=""WoYOw"">명동에서 14년째 최고급 한우를 합리적인 가격에 판매하는 한우전문점입니다.</span>]"
1232,명동정한정식,한식,한식/백반/한정식,한식 음식점업,명동,37.56155955,126.9884501,명동정한정식 한식 한식 백반 한정식 한식 음식점업,명동%20명동정한정식,https://m.place.naver.com/restaurant/36868623,4.4,98,[]
1573,쯔루하시후게츠,일식/수산물,음식점-일식,일식 음식점업,명동,37.56282757,126.9850146,쯔루하시후게츠 일식 수산물 음식점-일식 일식 음식점업,명동%20쯔루하시후게츠,https://m.place.naver.com/restaurant/21037913,4.44,221,"[<span class=""WoYOw"">명동역 10번출구 50m,전통인테리어 14개 개별실,대형 연회실,상견례, 돌잔치,외국인 접대,넓은 주차장,회식,모임, www.hanjeongsik.co.kr</span>]"
1716,림돈까스,양식,돈가스전문점,서양식 음식점업,명동,37.55672764,126.9850295,림돈까스 양식 돈가스전문점 서양식 음식점업,명동%20림돈까스,https://m.place.naver.com/restaurant/20397696,4.49,"1,345","[<span class=""WoYOw"">오사카에서 시작해 일본 전국에 현재 100여 개의 매장이 운영되고 있는 오코노미야키 전문점 츠루하시 후게츠의 분점입니다. 일본인 직원들이 테이블에 설치된 철판에서 직접 요리하면서 현지 분위기를 살리는 것이 특징인데요, 돼지고기, 새우, 오징어 등 취향에 맞게 오코노미야키 재료를 골라서 먹을 수 있지요.</span>]"
1846,KFC,닭/오리요리,후라이드/양념치킨,치킨 전문점,명동,37.5688163,126.9762963,KFC 닭 오리요리 후라이드 양념치킨 치킨 전문점,명동%20KFC,https://m.place.naver.com/restaurant/11808181,3.58,159,[]
1904,리틀파파포,별식/퓨전요리,동남아음식전문점,기타 외국식 음식점업,명동,37.56686688,126.9832279,리틀파파포 별식 퓨전요리 동남아음식전문점 기타 외국식 음식점업,명동%20리틀파파포,https://m.place.naver.com/restaurant/1750372339,4.31,66,[]
2054,블루노트커피,한식,한식/백반/한정식,한식 음식점업,명동,37.56610742,126.983974,블루노트커피 한식 한식 백반 한정식 한식 음식점업,명동%20블루노트커피,https://m.place.naver.com/restaurant/1413027174,4.19,64,"[<span class=""WoYOw"">2012년 합정동에 작은 매장을 시작 할 때의 초심을 잊지않고, 손님여러분께 맛있고 올바른 음식을 제공해드리기 위해 최선을 다 하겠습니다.</span>]"
2196,만게츠,유흥주점,기타일반유흥주점,일반유흥 주점업,명동,37.56449988,126.9866899,만게츠 유흥주점 기타일반유흥주점 일반유흥 주점업,명동%20만게츠,https://m.place.naver.com/restaurant/275788726,4.68,26,"[<span class=""WoYOw"">BLUE NOTE is 7음계의 3음 E 와 7음 B 를 반음 낮춰 연주하는 대표적인 Jazz/blues scale 블루노트 커피는 복잡하고 건조한 일상 속에서 잠시나마 플랫의 여유를 느끼시길 바라는 마음으로 하루를 준비합니다
 맛있는 스페셜티 커피를 합리적인 가격으로 제공합니다 항상 최선을 다하겠습니다</span>]"
2227,오군순두부,한식,순두부전문,한식 음식점업,명동,37.56769837,126.9803867,오군순두부 한식 순두부전문 한식 음식점업,명동%20오군순두부,https://m.place.naver.com/restaurant/20888940,4.34,19,"[<span class=""WoYOw"">주차는 근처 공영주차장 이용</span>]"
2245,한시락,한식,한식/백반/한정식,한식 음식점업,명동,37.56735336,126.9811272,한시락 한식 한식 백반 한정식 한식 음식점업,명동%20한시락,https://m.place.naver.com/restaurant/36561542,4.49,114,[]
2546,카페,한식,한식/백반/한정식,한식 음식점업,명동,37.56199326,126.9885914,카페 한식 한식 백반 한정식 한식 음식점업,명동%20카페,https://m.place.naver.com/restaurant/1194974888,4.47,17,[]
2776,스타벅스을지로입구,커피점/카페,커피전문점/카페/다방,비알콜 음료점업,명동,37.56720013,126.9832121,스타벅스을지로입구 커피점 카페 커피전문점 카페 다방 비알콜 음료점업,명동%20스타벅스을지로입구,https://m.place.naver.com/restaurant/20669049,4.44,410,"[<span class=""WoYOw"">송리단길, 신논현, 삼청에 이은 가배도의 네번째 공간입니다. 아름답게 조성된 화단을 따라 들어오시면 서울에서 가장 번화한 거리 가운데  조용하고 아름다운 커피섬이 있습니다. 가배도의 유명한 티라미수와 말차, 맛있는 커피를 명동에서도 즐기세요.</span>]"
3400,명동칼국수,분식,국수/만두/칼국수,분식 및 김밥 전문점,명동,37.55848508,126.9861262,명동칼국수 분식 국수 만두 칼국수 분식 및 김밥 전문점,명동%20명동칼국수,https://m.place.naver.com/restaurant/11592650,4.5,70,"[<span class=""WoYOw"">주차불가</span>]"
3431,칠칠복집,일식/수산물,복전문,한식 음식점업,명동,37.56735502,126.9813196,칠칠복집 일식 수산물 복전문 한식 음식점업,명동%20칠칠복집,https://m.place.naver.com/restaurant/19484724,4.42,"9,110","[<span class=""WoYOw"">1966년 창업이후 명동에서 본점과 분점, 이태원에 직영점을 운영하고 있는 칼국수 전문 음식점입니다.
명동교자는 창업 이래 '음식의 맛은 정성이 과학을 앞선다.'는 신념을 지키기 위하여 가격에 상관없이 최고의 음식 재료, 신선한 음식재료만을 매일매일 구입하여 사용하고 있으며 남은 음식은 100% 완전히 폐기합니다.
칼국수, 만두, 비빔국수, 콩국수를 드실 수 있으시고, 만두만 포장가능합니다.</span>]"
3655,커피리브레,커피점/카페,커피전문점/카페/다방,비알콜 음료점업,명동,37.56366249,126.9867578,커피리브레 커피점 카페 커피전문점 카페 다방 비알콜 음료점업,명동%20커피리브레,https://m.place.naver.com/restaurant/37039367,4.29,78,"[<span class=""WoYOw"">30여년의 전통의 복어 요리 전문점으로 2007년 무교동 먹자 골목에서 현재의 위치로 이전</span>]"
3698,크리에이트,유흥주점,빠/카페/스탠드빠,일반유흥 주점업,명동,37.56738787,126.9851339,크리에이트 유흥주점 빠 카페 스탠드빠 일반유흥 주점업,명동%20크리에이트,https://m.place.naver.com/restaurant/32587722,4.51,124,[]
4163,깡장집,한식,한식/백반/한정식,한식 음식점업,명동,37.56647389,126.9794525,깡장집 한식 한식 백반 한정식 한식 음식점업,명동%20깡장집,https://m.place.naver.com/restaurant/11680209,4.29,18,"[<span class=""WoYOw"">미래에셋 센터원 지하 1층에 위치한 크리에이트 카페입니다 모던한 인테리어가 돋보이며 다양한 음료와 샌드위치, 계절 별 신선한 과일 주스와 비건 베이커리를 맛볼 수 있으며 카페 내부가 넓어 쾌적한 느낌을 줍니다. 모임이나 회의하기에 적합한 카페이며 크리에
이트만의 시그니처 음료를 접할 수 있습니다. 고객의 다양한 취향을 고려하여 메뉴 구성의 폭이 넓습니다.</span>]"
4227,서울고기집,한식,갈비/삼겹살,한식 음식점업,명동,37.56685391,126.9817226,서울고기집 한식 갈비 삼겹살 한식 음식점업,명동%20서울고기집,https://m.place.naver.com/restaurant/36224909,4.15,94,[]
5065,쉐프가만든떡볶이,제과제빵떡케익,떡/한과집,제과점업,명동,37.56563848,126.9881233,쉐프가만든떡볶이 제과제빵떡케익 떡 한과집 제과점업,명동%20쉐프가만든떡볶이,https://m.place.naver.com/restaurant/1181083953,4.37,178,"[<span class=""WoYOw"">제주도 돼지를 맛있게 구워드립니다.
저희가 권해드리는 방법으로 드셔보세요.
정말 맛있습니다.</span>]"
5702,설빙,커피점/카페,커피전문점/카페/다방,비알콜 음료점업,명동,37.56293792,126.9852735,설빙 커피점 카페 커피전문점 카페 다방 비알콜 음료점업,명동%20설빙,https://m.place.naver.com/restaurant/1621273819,4.42,30,[]
5727,은&정명동닭갈비,한식,한식/백반/한정식,한식 음식점업,명동,37.56464966,126.9841976,은&정명동닭갈비 한식 한식 백반 한정식 한식 음식점업,명동%20은&정명동닭갈비,https://m.place.naver.com/restaurant/38582020,null,null,null
5856,투썸플레이스파인애비뉴점,커피점/카페,커피전문점/카페/다방,비알콜 음료점업,명동,37.56563848,126.9881233,투썸플레이스파인애비뉴점 커피점 카페 커피전문점 카페 다방 비알콜 음료점업,명동%20투썸플레이스파인애비뉴점,https://m.place.naver.com/restaurant/790298760,4.32,262,"[<span class=""WoYOw"">엄선된 최고의 식재료로 24시간 이상 숙성된 
HACCP인증 친환경 무항생제 국내산 냉장 닭다리살만을 제공해드립니다.
항상 정직과 신뢰를 바탕으로 고객님들께 올바른 먹거리를 제공해드리려 끊임없이 노력하겠습니다.</span>]"
5943,김가네,분식,라면김밥분식,분식 및 김밥 전문점,명동,37.56361411,126.9853209,김가네 분식 라면김밥분식 분식 및 김밥 전문점,명동%20김가네,https://m.place.naver.com/restaurant/1477179302,null,null,null
6178,카페리브레,커피점/카페,커피전문점/카페/다방,비알콜 음료점업,명동,37.56366249,126.9867578,카페리브레 커피점 카페 커피전문점 카페 다방 비알콜 음료점업,명동%20카페리브레,https://m.place.naver.com/restaurant/37039367,4.28,15,"[<span class=""WoYOw"">프랜차이즈 6년연속 1위에 빛나는 브랜드의 맛과 비주얼을 직접 느껴보세요^^</span>]"
6187,커피빈,커피점/카페,커피전문점/카페/다방,비알콜 음료점업,명동,37.5664856,126.9818521,커피빈 커피점 카페 커피전문점 카페 다방 비알콜 음료점업,명동%20커피빈,https://m.place.naver.com/restaurant/37408454,4.51,124,[]
6519,루프트,한식,한식/백반/한정식,한식 음식점업,명동,37.56209818,126.9892691,루프트 한식 한식 백반 한정식 한식 음식점업,명동%20루프트,https://m.place.naver.com/restaurant/152660082,4.46,17,"[<span class=""WoYOw"">안녕하세요. 커피빈코리아 입니다. 많은 이용 부탁드립니다. </span>]"
6596,김밥천국,분식,라면김밥분식,분식 및 김밥 전문점,명동,37.56054265,126.9844005,김밥천국 분식 라면김밥분식 분식 및 김밥 전문점,명동%20김밥천국,https://m.place.naver.com/restaurant/1322495660,4.29,369,"[<span class=""WoYOw"">'HAWAII TO SEOUL' 스페셜티 커피 브랜드 루프트 커피입니다.</span>]"
6616,할리스,커피점/카페,커피전문점/카페/다방,비알콜 음료점업,명동,37.55970443,126.9854192,할리스 커피점 카페 커피전문점 카페 다방 비알콜 음료점업,명동%20할리스,https://m.place.naver.com/restaurant/18688122,4.19,4,[]
6983,민샌드위치,패스트푸드,샌드위치전문점,"피자, 햄버거, 샌드위치 및 유사 음식점업",명동,37.56610742,126.983974,"민샌드위치 패스트푸드 샌드위치전문점 피자, 햄버거, 샌드위치 및 유사 음식점업",명동%20민샌드위치,https://m.place.naver.com/restaurant/37232470,4.32,51,"[<span class=""WoYOw"">다양한 토양과 기후에서 자란 커피 원두는 그 속에 각기 다른 맛과 향의 비밀을 숨기고 있습니다. 생두를 로스팅하여 에스프레소를 만드는 과정은 단순하고 평범해 보이지만, 사실은 로스팅과 추출법 등의 미묘하고 작은 차이가 커피 맛을 변화시킵니다. 원두에 숨겨
진 이러한 커피의 비밀을 하나 하나 밝혀가면서 많은 사람들이 커피와 함께 소중한 순간을 즐기도록 해주는 것이 바로 할리스가 추구하는 ‘커피의 즐거움’입니다. 오늘도 할리스는 전세계의 커피 산지를 연구하고, 원두 본연의 맛을 살리기 위한 수많은 블랜딩을 개발
하는 등 다양한 노력을 지속하고 있습니다. 커피가 주는 아름다움을 보다 많은 고객들이 즐길 수 있도록, 매 순간 의미 있는 작은 차이를 만들어가는 할리스가 되겠습니다.</span>]"
7058,행화촌,중식,중국음식/중국집,중식 음식점업,명동,37.5621142,126.9816966,행화촌 중식 중국음식 중국집 중식 음식점업,명동%20행화촌,https://m.place.naver.com/restaurant/11727614,null,null,null
7068,한라담,한식,갈비/삼겹살,한식 음식점업,명동,37.56762308,126.9789728,한라담 한식 갈비 삼겹살 한식 음식점업,명동%20한라담,https://m.place.naver.com/restaurant/36720235,4.33,73,[]
7136,장금이전집,유흥주점,민속주점,기타 주점업,명동,37.56175456,126.988074,장금이전집 유흥주점 민속주점 기타 주점업,명동%20장금이전집,https://m.place.naver.com/restaurant/36342862,4.39,310,"[<span class=""WoYOw"">국내 최고의 청정지역 제주에서 길러낸,  가장 맛있는 돼지 한라담의 자체적인 숙성 비법으로 7일간의 에이징 숙성을 통해 돼지고기가 가지고 있는 고유의 감칠맛을 극대화 시킵니다.</span>]"
7147,원할머니,한식,족발/보쌈전문,한식 음식점업,명동,37.56423055,126.9836599,원할머니 한식 족발 보쌈전문 한식 음식점업,명동%20원할머니,https://m.place.naver.com/restaurant/1865398925,4.04,19,"[<span class=""WoYOw"">한국 전통 막걸리와 칵테일 그리고 다양한 전(지지미)와 함께 명동 늦밤을 즐겨보세요.(AM 11:00-AM 2:00)</span>]"
7235,NEXTSTATION,한식,한식/백반/한정식,한식 음식점업,명동,37.56266282,126.9836699,NEXTSTATION 한식 한식 백반 한정식 한식 음식점업,명동%20NEXTSTATION,https://m.place.naver.com/restaurant/731507924,4.33,48,"[<span class=""WoYOw"">세대를 이어가는 정성의 맛 1975년, 청계8가 황학동 끝자락에 작고 소박한 보쌈집으로 시작한 원할머니보쌈 그 시절, 김보배 할머니의 비법과 마음을 고스란히 3대에 걸쳐 정성의 맛으로 이어가고 있습니다 40여년 세월의 노하우로 삶아낸 담백한 보쌈
고기와 매일 아침 한잎 한잎 정성껏 말아 만든 보쌈김치로 건강한 식사를 제공할 것을 약속드리겠습니다</span>]"
7251,버거킹,패스트푸드,패스트푸드,그외 기타 음식점업,명동,37.56739833,126.9790324,버거킹 패스트푸드 패스트푸드 그외 기타 음식점업,명동%20버거킹,https://m.place.naver.com/restaurant/1982878054,null,null,null
7344,맛뜨리아,한식,한식/백반/한정식,한식 음식점업,명동,37.56451654,126.9865312,맛뜨리아 한식 한식 백반 한정식 한식 음식점업,명동%20맛뜨리아,https://m.place.naver.com/restaurant/1904451557,null,null,null
7345,우리집맛자랑,한식,한식/백반/한정식,한식 음식점업,명동,37.55908599,126.9858011,우리집맛자랑 한식 한식 백반 한정식 한식 음식점업,명동%20우리집맛자랑,https://m.place.naver.com/restaurant/20835269,4.3,16,[]
7353,김밤천국,분식,라면김밥분식,분식 및 김밥 전문점,명동,37.56108307,126.9833292,김밤천국 분식 라면김밥분식 분식 및 김밥 전문점,명동%20김밤천국,https://m.place.naver.com/restaurant/18029374,4.43,8,[]
7355,카페남산,유흥주점,빠/카페/스탠드빠,일반유흥 주점업,명동,37.5570582,126.9857494,카페남산 유흥주점 빠 카페 스탠드빠 일반유흥 주점업,명동%20카페남산,https://m.place.naver.com/restaurant/1272869293,4.29,6,[]
7371,파리바게뜨,제과제빵떡케익,제과점,제과점업,명동,37.56054654,126.9848532,파리바게뜨 제과제빵떡케익 제과점 제과점업,명동%20파리바게뜨,https://m.place.naver.com/restaurant/1999413846,4.56,87,"[<span class=""WoYOw"">구운과자 전문점 '샬레 드 서울' 과 함께 합니다.

루프탑 있는 해방촌 남산아래 아닙니다!</span>]"
7662,김밥일번가,분식,라면김밥분식,분식 및 김밥 전문점,명동,37.56724333,126.9829964,김밥일번가 분식 라면김밥분식 분식 및 김밥 전문점,명동%20김밥일번가,https://m.place.naver.com/restaurant/38563005,4.37,9,"[<span class=""WoYOw"">파리바게뜨 무교점입니다. 네이버 스마트주문에서 간편하게 주문하세요!</span>]"
7672,이나니와요스케,유흥주점,로바다야끼,일식 음식점업,명동,37.5653724,126.9791959,이나니와요스케 유흥주점 로바다야끼 일식 음식점업,명동%20이나니와요스케,https://m.place.naver.com/restaurant/36690321,4.17,19,"[<span class=""WoYOw"">명동 15년 경력 세프의 명품깁밥 좋은 식자재 사용 저렴하지만 영양과 맛을 제공하는 한국 패스트푸드 음식점 가족같은 마음으로 정성을 다하여 음식을 만들겠습니다.</span>]"
7976,베네피아,커피점/카페,커피전문점/카페/다방,비알콜 음료점업,명동,37.56614114,126.9868487,베네피아 커피점 카페 커피전문점 카페 다방 비알콜 음료점업,명동%20베네피아,https://m.place.naver.com/restaurant/1991630496,null,null,null
7980,딴따라오뎅,분식,라면김밥분식,분식 및 김밥 전문점,명동,37.56464966,126.9841976,딴따라오뎅 분식 라면김밥분식 분식 및 김밥 전문점,명동%20딴따라오뎅,https://m.place.naver.com/restaurant/64126550,4.2,1,[]
8176,중일회관,한식,갈비/삼겹살,한식 음식점업,명동,37.56009967,126.985278,중일회관 한식 갈비 삼겹살 한식 음식점업,명동%20중일회관,https://m.place.naver.com/restaurant/21085589,4.16,8,[]
8260,아리랑호두과자,제과제빵떡케익,제과점,제과점업,명동,37.56177364,126.9881982,아리랑호두과자 제과제빵떡케익 제과점 제과점업,명동%20아리랑호두과자,https://m.place.naver.com/restaurant/1444776966,4.38,6,[]
8435,둘둘치킨,닭/오리요리,후라이드/양념치킨,치킨 전문점,명동,37.55991514,126.9858238,둘둘치킨 닭 오리요리 후라이드 양념치킨 치킨 전문점,명동%20둘둘치킨,https://m.place.naver.com/restaurant/11723662,null,null,null
8601,남도한식정든님,한식,한식/백반/한정식,한식 음식점업,명동,37.56587666,126.9864788,남도한식정든님 한식 한식 백반 한정식 한식 음식점업,명동%20남도한식정든님,https://m.place.naver.com/restaurant/37069135,4.36,23,"[<span class=""WoYOw"">둘둘치킨 본점(명동) 입니다.</span>]"
8679,카페마마스,커피점/카페,커피전문점/카페/다방,비알콜 음료점업,명동,37.56738787,126.9851339,카페마마스 커피점 카페 커피전문점 카페 다방 비알콜 음료점업,명동%20카페마마스,https://m.place.naver.com/restaurant/30999918,4.28,127,"[<span class=""WoYOw"">원재료를 전라남도 바닷가에서 직접 서울로 공수해서 요리하는  을지로에 있는 웰빙 전라남도 전통 한정식 맛집입니다.</span>]"
8741,김밥천국,한식,한식/백반/한정식,한식 음식점업,명동,37.56745965,126.9830048,김밥천국 한식 한식 백반 한정식 한식 음식점업,명동%20김밥천국,https://m.place.naver.com/restaurant/1322495660,null,null,null
8860,주먹고기,한식,한식/백반/한정식,한식 음식점업,명동,37.56455257,126.9865307,주먹고기 한식 한식 백반 한정식 한식 음식점업,명동%20주먹고기,https://m.place.naver.com/restaurant/1751386432,4.19,4,[]
8945,죠샌드위치,패스트푸드,도너츠전문,제과점업,명동,37.56019644,126.9829111,죠샌드위치 패스트푸드 도너츠전문 제과점업,명동%20죠샌드위치,https://m.place.naver.com/restaurant/1880085658,4.36,3,[]
9603,빽다방을지로입구역점,커피점/카페,커피전문점/카페/다방,비알콜 음료점업,명동,37.56679211,126.9818706,빽다방을지로입구역점 커피점 카페 커피전문점 카페 다방 비알콜 음료점업,명동%20빽다방을지로입구역점,https://m.place.naver.com/restaurant/1362045608,4.39,17,[]
9720,신가원설렁탕,한식,설렁탕집,한식 음식점업,명동,37.56651413,126.9799387,신가원설렁탕 한식 설렁탕집 한식 음식점업,명동%20신가원설렁탕,https://m.place.naver.com/restaurant/18004656,null,null,null
9773,공차명동점,커피점/카페,커피전문점/카페/다방,비알콜 음료점업,명동,37.56433647,126.9844509,공차명동점 커피점 카페 커피전문점 카페 다방 비알콜 음료점업,명동%20공차명동점,https://m.place.naver.com/restaurant/31037151,4.37,114,"[<span class=""WoYOw"">신가원 설렁탕 무교본점입니다. 
정성으로 고아낸 진하고 담백한 설렁탕 한그릇 어떠십니까? 
정성껏 모시겠습니다. 감사합니다.</span>]"
10561,고봉삼계탕,닭/오리요리,삼계탕전문,한식 음식점업,명동,37.56471871,126.9838457,고봉삼계탕 닭 오리요리 삼계탕전문 한식 음식점업,명동%20고봉삼계탕,https://m.place.naver.com/restaurant/1534784282,4.4,124,[]
10675,명동간장게장해물탕,일식/수산물,해물찜/탕전문,한식 음식점업,명동,37.56526409,126.9833516,명동간장게장해물탕 일식 수산물 해물찜 탕전문 한식 음식점업,명동%20명동간장게장해물탕,https://m.place.naver.com/restaurant/37463745,null,null,null
10759,다동치킨골뱅이,유흥주점,호프/맥주,기타 주점업,명동,37.56685108,126.9813944,다동치킨골뱅이 유흥주점 호프 맥주 기타 주점업,명동%20다동치킨골뱅이,https://m.place.naver.com/restaurant/11663452,4.4,1,"[<span class=""WoYOw"">명동해물탕&amp;간장게장</span>]"
10778,을지황소곱창,한식,곱창/양구이전문,한식 음식점업,명동,37.56682501,126.988843,을지황소곱창 한식 곱창 양구이전문 한식 음식점업,명동%20을지황소곱창,https://m.place.naver.com/restaurant/35228622,4.13,17,"[<span class=""WoYOw"">삼성화재 뒷편에 위치한 치킨과 골뱅이 전문점. 인근 직장인들이 한 잔을 책임지는 다동의 명물. 여름밤이면 간이 야외 테이블에 술바다가 벌어진다.</span>]"
11116,스타벅스명동중앙로,커피점/카페,커피전문점/카페/다방,비알콜 음료점업,명동,37.56376186,126.9857377,스타벅스명동중앙로 커피점 카페 커피전문점 카페 다방 비알콜 음료점업,명동%20스타벅스명동중앙로,https://m.place.naver.com/restaurant/36639957,4.33,152,[]
11282,시청광장커피,커피점/카페,커피전문점/카페/다방,비알콜 음료점업,명동,37.56584618,126.9787593,시청광장커피 커피점 카페 커피전문점 카페 다방 비알콜 음료점업,명동%20시청광장커피,https://m.place.naver.com/restaurant/1825524447,4.45,79,"[<span class=""WoYOw"">주차불가능</span>]"
11306,크리에잇쿠키,제과제빵떡케익,제과점,제과점업,명동,37.56840963,126.9782375,크리에잇쿠키 제과제빵떡케익 제과점 제과점업,명동%20크리에잇쿠키,https://m.place.naver.com/restaurant/1461508698,4.33,3,"[<span class=""WoYOw"">믿을 수 있는 좋은 커피를 만드는 곳! COFFEE ONLY</span>]"
11428,투썸플레이스,커피점/카페,커피전문점/카페/다방,비알콜 음료점업,명동,37.56340378,126.9828675,투썸플레이스 커피점 카페 커피전문점 카페 다방 비알콜 음료점업,명동%20투썸플레이스,https://m.place.naver.com/restaurant/36948845,4.41,162,[]
11694,을지로전주옥,한식,한식/백반/한정식,한식 음식점업,명동,37.56691975,126.9893851,을지로전주옥 한식 한식 백반 한정식 한식 음식점업,명동%20을지로전주옥,https://m.place.naver.com/restaurant/19347950,4.38,64,"[<span class=""WoYOw"">안녕하세요 투썸플레이스 서울시청점입니다 네이버오더 가능합니다 일부 홀케익은 판매가와 다를 수 있으며, 재고부족시 자동취소됨을 알려드립니다. 홀케이크주문시 픽업시간을 상세히 기재해주세요. 픽업(예약) 시간이 없을경우 자동취소됨을 알려드립니다. ****네이버오더 결제시, 투썸하트 적립은 불가하며, 취소 후 매장 현장결제가 불가합니다. 신중한 선택 및 결제 부탁드립니다. ****</span>]"
11944,스위트룸카페,커피점/카페,커피전문점/카페/다방,비알콜 음료점업,명동,37.56220675,126.9840723,스위트룸카페 커피점 카페 커피전문점 카페 다방 비알콜 음료점업,명동%20스위트룸카페,https://m.place.naver.com/restaurant/1277127608,4.43,351,"[<span class=""WoYOw"">을지로 골목에 위치한 한식집으로 여러가지 메뉴가 있어 주변 직장인들 점심식사로 많이 찾는 곳이다. 당면과 야채, 고기를 넣고 졸여 먹는 불갈비찜이 가장 인기. 고기를 먹고 남은 양념에 밥을 비벼먹기도 한다.</span>]"
11958,에딕티,커피점/카페,커피전문점/카페/다방,비알콜 음료점업,명동,37.56300625,126.9837898,에딕티 커피점 카페 커피전문점 카페 다방 비알콜 음료점업,명동%20에딕티,https://m.place.naver.com/restaurant/1355294819,4.34,6,"[<span class=""WoYOw"">주차장은 없습니다 감사합니다</span>]"
12107,나,양식,기타전문서양음식점,서양식 음식점업,명동,37.56629791,126.9799417,나 양식 기타전문서양음식점 서양식 음식점업,명동%20나,https://m.place.naver.com/restaurant/11545872,4.61,141,"[<span class=""WoYOw"">항상 신선한 과일, 우유만 사용한 본점이 호주 브리즈번&amp;골드 코스트에 위치한 밀크티 전문점 입니다.</span>]"
12378,시청광장돈까스,양식,돈가스전문점,서양식 음식점업,명동,37.56584618,126.9787593,시청광장돈까스 양식 돈가스전문점 서양식 음식점업,명동%20시청광장돈까스,https://m.place.naver.com/restaurant/1690693054,4.32,25,"[<span class=""WoYOw"">나사랑은 비만 및 체형치료를 전문으로 하는 다이어트 클리닉입니다. 2002년 병원이 개원한 이후로 비만, 국소비만, 폭식증 등의 문제를 치료하면서 쌓은 노하우와 맨파워로 여러분의 고민을 해결할 수 있는 최선의 방법을 제시해 드리겠습니다.  나사랑클리
닉의 건강한 아름다움이 대한민국 모두가 원하는 진정한 아름다움으로 통하는 그날까지 최선을 다할 것을 약속드립니다.  1:1 카톡상담 https://pf.kakao.com/_ZfGcE ※접수마감※ 평   일:  pm 6시40분 토요
일:  pm 1시40분 ※점심시간※ pm 1시~ pm 2시 (토요일은 점심시간없음)</span>]"
12467,이삭토스트,패스트푸드,토스트전문,"피자, 햄버거, 샌드위치 및 유사 음식점업",명동,37.56300254,126.9854537,"이삭토스트 패스트푸드 토스트전문 피자, 햄버거, 샌드위치 및 유사 음식점업",명동%20이삭토스트,https://m.place.naver.com/restaurant/1549210088,4.16,9,[]
12552,뉴욕상하이컨설팅그룹,중식,중국음식/중국집,중식 음식점업,명동,37.56761415,126.9884022,뉴욕상하이컨설팅그룹 중식 중국음식 중국집 중식 음식점업,명동%20뉴욕상하이컨설팅그룹,https://m.place.naver.com/restaurant/1610144652,4.38,53,"[<span class=""WoYOw"">이삭토스트 명동성당점            </span>]"
12752,스타벅스,커피점/카페,커피전문점/카페/다방,비알콜 음료점업,명동,37.56686688,126.9832279,스타벅스 커피점 카페 커피전문점 카페 다방 비알콜 음료점업,명동%20스타벅스,https://m.place.naver.com/restaurant/1465848077,null,null,null
12881,카페드파리,커피점/카페,커피전문점/카페/다방,비알콜 음료점업,명동,37.56203961,126.9855913,카페드파리 커피점 카페 커피전문점 카페 다방 비알콜 음료점업,명동%20카페드파리,https://m.place.naver.com/restaurant/38251688,4.46,27,"[<span class=""WoYOw"">주차불가능</span>]"
12909,타이거슈가,커피점/카페,커피전문점/카페/다방,비알콜 음료점업,명동,37.56407608,126.9845563,타이거슈가 커피점 카페 커피전문점 카페 다방 비알콜 음료점업,명동%20타이거슈가,https://m.place.naver.com/restaurant/1150268111,4.29,64,"[<span class=""WoYOw"">항상 최선을 다해 정성껏모시겟습니다 딸기봉봉과 다양한봉봉을 더욱

신선하고 알차게 준비하겟습니다</span>]"
13007,락희옥,분식,국수/만두/칼국수,분식 및 김밥 전문점,명동,37.56841029,126.9762339,락희옥 분식 국수 만두 칼국수 분식 및 김밥 전문점,명동%20락희옥,https://m.place.naver.com/restaurant/36620601,4.33,5,"[<span class=""WoYOw"">타이거슈가의 특제 흑당은 대만산 사탕수수의 자즙을 완벽한 비율로 볶아냅니다. 더욱 건강하고 부담없는 달콤한 타이거슈가 흑당밀크티가 완벽해 질 수 있었던 이유! 1. 무방부제 타피오카 2. 100% 국내산 A급 우유 3. 유럽 정통의 독일제 프리미
엄크림 4. 4시간마다 새로 끓여 낸 부드럽고 쫄깃한 버블 (보바/쩐주) 5. 자체 제작한 완벽한 흑당 시럽으로 완벽한 맛과 비주얼 선사 전 세계의 타이거슈가는 체계적이고 전문적 레시피 공유와 맛의 획일성을 위해 대만 현지방문을 통한 본사의 트레이닝을 
받고 있습니다. 대만, 홍콩, 싱가폴 등에서 줄서서 먹는 타이거슈가! 이제 한국에서 편하게 즐기세요:)</span>]"
13106,투썸플레이스,커피점/카페,커피전문점/카페/다방,비알콜 음료점업,명동,37.56125355,126.9853416,투썸플레이스 커피점 카페 커피전문점 카페 다방 비알콜 음료점업,명동%20투썸플레이스,https://m.place.naver.com/restaurant/36948845,4.38,277,"[<span class=""WoYOw"">""콜키지프리 모던 한식주점"" 마포 본점, 을지로점, 광화문 점 세 곳에서 락희옥의 맛과 멋을 즐기실 수 있습니다.  락희옥은 '즐거움과 기쁨이 있는 집'이라는 뜻입니다. 누구나 편안하고 기분 좋게 마실만한 곳 하면 떠오르는 곳, 애주가도 미식가도 만족하는 곳
이 락희옥이 만들어가고 싶은 한식주점의 모습입니다.  다양한 한식 메뉴에 와인,크래프트 맥주 등 주류 메뉴도 풍성합니다. 온갖 술을 사랑하는 주당인 사장이 운영하는 곳이기에 애주가들을위해 개업 초기부터 콜키지프리 정책도 시행하고 있습니다. 그래서 메뉴들
도 술을 부르는 안주 겸 식사로 꾸몄습니다. 배부르지만 술 한잔하러 온 손님, 배가 고파서 식사부터 해결하려는 손님, 해장하러 온 손님, 회식하러 온 손님 각각에 맞춘 메뉴를 가격대별로 구성하고 있습니다. 따라서 락희옥의 메뉴는 안주부터 일...</span>]"
13719,동해일식,일식/수산물,음식점-일식,일식 음식점업,명동,37.56562662,126.9794188,동해일식 일식 수산물 음식점-일식 일식 음식점업,명동%20동해일식,https://m.place.naver.com/restaurant/18687708,4.38,64,"[<span class=""WoYOw"">안녕하세요 투썸플레이스 서울시청점입니다 네이버오더 가능합니다 일부 홀케익은 판매가와 다를 수 있으며, 재고부족시 자동취소됨을 알려드립니다. 홀케이크주문시 픽업시간을 상세히 기재해주세요. 픽업(예약) 시간이 없을경우 자동취소됨을 알려드립니다. ****네이버오더 결제시, 투썸하트 적립은 불가하며, 취소 후 매장 현장결제가 불가합니다. 신중한 선택 및 결제 부탁드립니다. ****</span>]"
13751,79네수육국밥&보쌈,한식,족발/보쌈전문,한식 음식점업,명동,37.56713039,126.9803492,79네수육국밥&보쌈 한식 족발 보쌈전문 한식 음식점업,명동%2079네수육국밥&보쌈,https://m.place.naver.com/restaurant/1804940007,4.21,5,[]
13936,스타벅스,커피점/카페,커피전문점/카페/다방,비알콜 음료점업,명동,37.56563319,126.9833126,스타벅스 커피점 카페 커피전문점 카페 다방 비알콜 음료점업,명동%20스타벅스,https://m.place.naver.com/restaurant/1465848077,4.25,1,[]
13958,김연수해물나라,일식/수산물,해물찜/탕전문,한식 음식점업,명동,37.56785395,126.981709,김연수해물나라 일식 수산물 해물찜 탕전문 한식 음식점업,명동%20김연수해물나라,https://m.place.naver.com/restaurant/1354550725,4.46,27,"[<span class=""WoYOw"">주차불가능</span>]"
14885,가야삼계탕,닭/오리요리,삼계탕전문,한식 음식점업,명동,37.56648865,126.9884967,가야삼계탕 닭 오리요리 삼계탕전문 한식 음식점업,명동%20가야삼계탕,https://m.place.naver.com/restaurant/11865428,4.48,74,[]
15253,버드더카페,커피점/카페,커피전문점/카페/다방,비알콜 음료점업,명동,37.55911035,126.9844426,버드더카페 커피점 카페 커피전문점 카페 다방 비알콜 음료점업,명동%20버드더카페,https://m.place.naver.com/restaurant/1694673138,4.48,43,"[<span class=""WoYOw"">상표등록으로 인하여 (구)가야삼계탕에서 ""신라원삼계탕""으로 상호 변경되었습니다.
저희 ""신라원삼계탕""은 웰빙 보양식입니다. 한번 방문하시면 반드시 또 오실 거에요.</span>]"
15440,커피한약방,커피점/카페,커피전문점/카페/다방,비알콜 음료점업,명동,37.56656151,126.9885863,커피한약방 커피점 카페 커피전문점 카페 다방 비알콜 음료점업,명동%20커피한약방,https://m.place.naver.com/restaurant/1614417324,4.32,77,"[<span class=""WoYOw"">유니크하고 고급스러운 디자인카페, 편안하고 감성적인 분위기가 바쁜 명동거리의 분위기에서 한발 벗어난 색다른 휴식의 즐거움으로 다가갈 것입니다.</span>]"
15445,유가네닭갈비명동1호점,닭/오리요리,닭갈비전문,한식 음식점업,명동,37.5633449,126.9854491,유가네닭갈비명동1호점 닭 오리요리 닭갈비전문 한식 음식점업,명동%20유가네닭갈비명동1호점,https://m.place.naver.com/restaurant/1604034427,4.42,"2,273",[]
15465,신촌서서갈비,한식,갈비/삼겹살,한식 음식점업,명동,37.56220542,126.9902185,신촌서서갈비 한식 갈비 삼겹살 한식 음식점업,명동%20신촌서서갈비,https://m.place.naver.com/restaurant/1638553897,null,null,null
15541,CHAI797,중식,중국음식/중국집,중식 음식점업,명동,37.56761415,126.9884022,CHAI797 중식 중국음식 중국집 중식 음식점업,명동%20CHAI797,https://m.place.naver.com/restaurant/19819954,4.29,4,"[<span class=""WoYOw"">신촌서서갈비 충무로점 맛잇는 갈비집 입니다</span>]"
15758,하대포,한식,갈비/삼겹살,한식 음식점업,명동,37.56721409,126.9816951,하대포 한식 갈비 삼겹살 한식 음식점업,명동%20하대포,https://m.place.naver.com/restaurant/37021034,4.35,356,"[<span class=""WoYOw"">세련되고 감각적인 공간 
재료 본연의 풍미를 살린 건강한 중식과 수제딤섬
Chinese Cuisine Chai797</span>]"
15863,코드쿠키,커피점/카페,커피전문점/카페/다방,비알콜 음료점업,명동,37.56656218,126.9886655,코드쿠키 커피점 카페 커피전문점 카페 다방 비알콜 음료점업,명동%20코드쿠키,https://m.place.naver.com/restaurant/1893242210,4.44,231,"[<span class=""WoYOw"">반갑다 하대포는 낭만과 감각이 깃든 통구이 전문점입니다. 목살, 삼겹살, 천겹살은 14일 이상 저온숙성한 규격돈입니다. 스지된장전골, 스지볶음, 오차즈케까지 다양한 요리군을 선보여 여러 가지 시도를 곁들였습니다.</span>]"
15873,스무디킹,커피점/카페,생과일주스전문점,비알콜 음료점업,명동,37.56144059,126.9892893,스무디킹 커피점 카페 생과일주스전문점 비알콜 음료점업,명동%20스무디킹,https://m.place.naver.com/restaurant/1326852694,4.49,46,[]
15930,할리스커피,커피점/카페,커피전문점/카페/다방,비알콜 음료점업,명동,37.56836345,126.9822794,할리스커피 커피점 카페 커피전문점 카페 다방 비알콜 음료점업,명동%20할리스커피,https://m.place.naver.com/restaurant/33811405,4.35,1,"[<span class=""WoYOw"">오직 스무디킹에서만 만날 수 있는 뛰어난 맛과 영양밸런스를 갖춘 오리지널 스무디로 건강하고 활기찬 라이프스타일을 즐기세요!</span>]"
16090,던카페,커피점/카페,커피전문점/카페/다방,비알콜 음료점업,명동,37.56360613,126.9843929,던카페 커피점 카페 커피전문점 카페 다방 비알콜 음료점업,명동%20던카페,https://m.place.naver.com/restaurant/1189692512,4.41,21,"[<span class=""WoYOw"">다양한 토양과 기후에서 자란 커피 원두는 그 속에 각기 다른 맛과 향의 비밀을 숨기고 있습니다. 생두를 로스팅하여 에스프레소를 만드는 과정은 단순하고 평범해 보이지만, 사실은 로스팅과 추출법 등의 미묘하고 작은 차이가 커피 맛을 변화시킵니다. 원두에 숨겨
진 이러한 커피의 비밀을 하나 하나 밝혀가면서 많은 사람들이 커피와 함께 소중한 순간을 즐기도록 해주는 것이 바로 할리스가 추구하는 ‘커피의 즐거움’입니다. 오늘도 할리스는 전세계의 커피 산지를 연구하고, 원두 본연의 맛을 살리기 위한 수많은 블랜딩을 개발
하는 등 다양한 노력을 지속하고 있습니다. 커피가 주는 아름다움을 보다 많은 고객들이 즐길 수 있도록, 매 순간 의미 있는 작은 차이를 만들어가는 할리스가 되겠습니다.</span>]"
16390,BISTRO수방J,양식,기타전문서양음식점,서양식 음식점업,명동,37.5643412,126.9839527,BISTRO수방J 양식 기타전문서양음식점 서양식 음식점업,명동%20BISTRO수방J,https://m.place.naver.com/restaurant/1803258950,4.16,11,"[<span class=""WoYOw"">9층에 위치하여 씨티뷰가 인상적입니다. 오후 2시까지는 카페로 영업되며 이후 시간에는 예약을 통해 모임, 회식, 이벤트 등 다양하게 활용될 수 있도록 장소를 오픈하고 있습니다. 
여성의류쇼핑몰 / 셀프제품촬영 / 셀프스냅촬영 /브라이덜샤워 / 생일파티 / 원데이클래스 등</span>]"
16572,리틀하노이,별식/퓨전요리,동남아음식전문점,기타 외국식 음식점업,명동,37.56351617,126.9854581,리틀하노이 별식 퓨전요리 동남아음식전문점 기타 외국식 음식점업,명동%20리틀하노이,https://m.place.naver.com/restaurant/11698311,null,null,null
16622,스타벅스,커피점/카페,커피전문점/카페/다방,비알콜 음료점업,명동,37.56762308,126.9789728,스타벅스 커피점 카페 커피전문점 카페 다방 비알콜 음료점업,명동%20스타벅스,https://m.place.naver.com/restaurant/1465848077,4.31,120,"[<span class=""WoYOw"">명동에서 10년 이상 운영해온 리틀하노이입니다..어느새 제일 작지만 오래된 쌀국수집이 됐습니다. 
정성을 다한 베트남 음식의 담백한 맛, 베트남 고추의 매운맛을 느껴보시기 바랍니다.</span>]"
16725,쿠차라,양식,기타전문서양음식점,서양식 음식점업,명동,37.56840963,126.9782375,쿠차라 양식 기타전문서양음식점 서양식 음식점업,명동%20쿠차라,https://m.place.naver.com/restaurant/1162159175,4.46,27,"[<span class=""WoYOw"">주차불가능</span>]"
16773,육쌈냉면,한식,냉면집,한식 음식점업,명동,37.5631841,126.9835157,육쌈냉면 한식 냉면집 한식 음식점업,명동%20육쌈냉면,https://m.place.naver.com/restaurant/33253846,4.58,93,"[<span class=""WoYOw"">Eat Fresh, Stay Healthy
신선한 재료로 매일 조리하는 건강한 멕시칸
쿠차라는 스페인어로 숟가락을 뜻하며, 내가 고르는 재료로 나만의 시그니처 메뉴를 만들 수 있는 멕시칸 브랜드입니다.</span>]"
17024,이디야커피,커피점/카페,커피전문점/카페/다방,비알콜 음료점업,명동,37.56648097,126.9865498,이디야커피 커피점 카페 커피전문점 카페 다방 비알콜 음료점업,명동%20이디야커피,https://m.place.naver.com/restaurant/1329675711,4.25,40,[]
17028,숙이네분식,분식,라면김밥분식,분식 및 김밥 전문점,명동,37.56741517,126.9778549,숙이네분식 분식 라면김밥분식 분식 및 김밥 전문점,명동%20숙이네분식,https://m.place.naver.com/restaurant/1956988601,4.4,8,"[<span class=""WoYOw"">안녕하세요^^
이디야 서울 시청점입니다.</span>]"
17107,비꼴로,양식,스파게티전문점,서양식 음식점업,명동,37.56351617,126.9854581,비꼴로 양식 스파게티전문점 서양식 음식점업,명동%20비꼴로,https://m.place.naver.com/restaurant/31949211,4.16,1,[]
17296,맥도날드,패스트푸드,패스트푸드,그외 기타 음식점업,명동,37.56416598,126.9845324,맥도날드 패스트푸드 패스트푸드 그외 기타 음식점업,명동%20맥도날드,https://m.place.naver.com/restaurant/18688435,4.09,107,"[<span class=""WoYOw"">이태리식당 비꼴로 소금과 이스트 만 으로 오래 발효 시켜 만든 빵, 천연 재료만으로 최대의 품미를 끌어 낸 파스타, 마리네이드 없이 고기의 품질을 최대로 살린 스케이크, 이탈리아 현지 와이너리 에서 직수입한 50여종의 와인, 스페셜티빈을 직접 로스팅해서
 준비한 커피, 홈메이트 스타일로 만든 후식... 풍성한 환대를 위해 노력하겠습니다.</span>]"
17370,대독장,한식,한식/백반/한정식,한식 음식점업,명동,37.56713039,126.9803492,대독장 한식 한식 백반 한정식 한식 음식점업,명동%20대독장,https://m.place.naver.com/restaurant/1853816448,4.4,121,[]
17432,동원참치브이아이피,일식/수산물,참치전문점,일식 음식점업,명동,37.56743404,126.9842164,동원참치브이아이피 일식 수산물 참치전문점 일식 음식점업,명동%20동원참치브이아이피,https://m.place.naver.com/restaurant/1983489959,4.6,28,[]
17742,뚱뚱이족발,한식,족발/보쌈전문,한식 음식점업,명동,37.55980664,126.98578,뚱뚱이족발 한식 족발 보쌈전문 한식 음식점업,명동%20뚱뚱이족발,https://m.place.naver.com/restaurant/11711082,4.53,286,"[<span class=""WoYOw"">대한민국 1등 참치전문점, VIP참치! VIP참치 전 매장은 모든 메뉴에 100% 최고급 참다랑어 참치만을 사용하는 국내 유일한 매장으로 새로운 참치 음식문화를 선도하고 있으며, 전국 매출1위를 달성하는 등 참치전문점 업계를 리드하고 있습니
다. VIP참치 코리아나호텔점은 회식자리, 미팅, 비즈니스 등 많은 인원이 편하게 드실 수 있도록 다양한 룸을 갖추고 있으며, 고객분들 모두 편하고 부담없이 다녀가실 수 있도록 노력하고 있습니다. 1. VIP참치는 참다랑어 참치만을 충분하게 드실 수
있도로 제공합니다. 2. VIP참치 직영 전매장에서는 일식식당 직원들의 봉사료 문화를 획기적으로 개선했습니다. 참치집에 가셔서 실장님과 서빙직원에게 팁을 줘야 손님 대접을 받는것이 일식(참치식당)집 식당의 잘못된 관행이었습니다. VI...</span>]"
17743,카페IMT,커피점/카페,커피전문점/카페/다방,비알콜 음료점업,명동,37.56683973,126.988458,카페IMT 커피점 카페 커피전문점 카페 다방 비알콜 음료점업,명동%20카페IMT,https://m.place.naver.com/restaurant/37220584,4.37,9,"[<span class=""WoYOw"">명동거리 내에 자리잡은 족발 전문점 명동 뚱뚱이족발의 본점입니다. TV 맛집 프로그램에서도 소개된 적이 있고, 쫀득거리고 잡내가 나지 않는 족발로 명동에서는 유명한데요. 굴과 보쌈김치, 무말랭이, 배추 등과 함께 싸먹는 부드러운 보쌈이 유명합니다. 전통의 족발과 보쌈에 이어 신메뉴도 출시해서 인기몰이 중입니다. 매콤하게 양념한 매콤 족발!!! 또 매콤족발과 찰떡 궁합인 크런치 주먹밥!!!</span>]"
18099,코인,양식,정통양식/경양식,서양식 음식점업,명동,37.56505479,126.9841581,코인 양식 정통양식 경양식 서양식 음식점업,명동%20코인,https://m.place.naver.com/restaurant/31575946,4.21,8,"[<span class=""WoYOw"">벤티 사이즈 아메리카노를 2800원에!
맛있고 신선한 생과일 쥬스를 3000부터!
아침에는 샌드위치와 아메리카노를 3500원에!</span>]"
18611,베르자뎅,부페,종합부페,,명동,37.56437547,126.9858426,베르자뎅 부페 종합부페 ,명동%20베르자뎅,https://m.place.naver.com/restaurant/21037859,4.39,234,"[<span class=""WoYOw"">1993년 오픈해 유러피안 앤티크 스타일의 실내 분위기와 테이블 서비스를 제공하는 명동의 명소입니다. 핸드 드립 및 에스프레소 커피와 와플, 케이크, 빙수 등 다양한 디저트가 준비되어있습니다.
명동1호점과 2호점으로 나누어져있습니다.</span>]"
18670,하나은행,한식,한식/백반/한정식,한식 음식점업,명동,37.56514308,126.9849946,하나은행 한식 한식 백반 한정식 한식 음식점업,명동%20하나은행,https://m.place.naver.com/restaurant/12110999,3.85,62,"[<span class=""WoYOw"">명동 로얄호텔 내에  자리한 씨 푸드와 다양한 바비큐 그릴이 유명한 뷔페식 레스토랑입니다. 정돈되고 깔끔한 인테리어로 연회나 모임으로 인기 있는 곳이라고 하는데요.  해산물을 비롯하여 스시, 롤 등 다양한 씨 푸드와 즉석에서 구워내는 바비큐 그릴 요리가 인기이며 다양한 사천 식 중식 요리도 맛볼 수 있지요.  요리와 함께 주류도 준비되어 있어 맥주는 만원, 막걸리는 만삼천원을 지불하면 무제한 즐길 수 있습니다.</span>]"
18806,배스킨라빈스31,패스트푸드,아이스크림판매,제과점업,명동,37.56881486,126.9782094,배스킨라빈스31 패스트푸드 아이스크림판매 제과점업,명동%20배스킨라빈스31,https://m.place.naver.com/restaurant/30824668,null,null,null
19141,상우,한식,한식/백반/한정식,한식 음식점업,명동,37.56660558,126.9884725,상우 한식 한식 백반 한정식 한식 음식점업,명동%20상우,https://m.place.naver.com/restaurant/1815441175,4.44,30,"[<span class=""WoYOw"">배스킨라빈스 안국역점입니다. 네이버 스마트주문에서 간편하게 주문하세요!</span>]"
19228,KEB하나은행,기타음식업,구내식당/자급식음식점,기관구내식당업,명동,37.56514308,126.9849946,KEB하나은행 기타음식업 구내식당 자급식음식점 기관구내식당업,명동%20KEB하나은행,https://m.place.naver.com/restaurant/12110999,null,null,null
19354,포엠,양식,정통양식/경양식,서양식 음식점업,명동,37.56311397,126.983743,포엠 양식 정통양식 경양식 서양식 음식점업,명동%20포엠,https://m.place.naver.com/restaurant/19923805,null,null,null
19439,골목집,한식,한식/백반/한정식,한식 음식점업,명동,37.56422285,126.9848599,골목집 한식 한식 백반 한정식 한식 음식점업,명동%20골목집,https://m.place.naver.com/restaurant/19872958,4.47,776,"[<span class=""WoYOw"">홈메이드 방식 디저트카페로 와플,빙수,파르페등 디저트를 판매합니다
*다양한 혜택 &amp; 적립이 가능한 네이버 페이로 결제 가능합니다!*</span>]"
19460,동원브이아이피참치,일식/수산물,참치전문점,일식 음식점업,명동,37.5679764,126.9781529,동원브이아이피참치 일식 수산물 참치전문점 일식 음식점업,명동%20동원브이아이피참치,https://m.place.naver.com/restaurant/1983489959,4.43,51,"[<span class=""WoYOw"">한적한 골목 안에 자리한 한식당입니다. 양푼 냄비에 돼지고기, 신김치와 라면사리를 넣고 끓인 김치찌개가 인기메뉴인데, 갓 지은 돌솥밥이 함께 나온다고 하네요. 식사 후에는 구수한 숭늉도 즐길 수 있습니다.</span>]"
19494,파리바게뜨,제과제빵떡케익,제과점,제과점업,명동,37.56647828,126.9810033,파리바게뜨 제과제빵떡케익 제과점 제과점업,명동%20파리바게뜨,https://m.place.naver.com/restaurant/1999413846,4.53,286,"[<span class=""WoYOw"">대한민국 1등 참치전문점, VIP참치! VIP참치 전 매장은 모든 메뉴에 100% 최고급 참다랑어 참치만을 사용하는 국내 유일한 매장으로 새로운 참치 음식문화를 선도하고 있으며, 전국 매출1위를 달성하는 등 참치전문점 업계를 리드하고 있습니
다. VIP참치 코리아나호텔점은 회식자리, 미팅, 비즈니스 등 많은 인원이 편하게 드실 수 있도록 다양한 룸을 갖추고 있으며, 고객분들 모두 편하고 부담없이 다녀가실 수 있도록 노력하고 있습니다. 1. VIP참치는 참다랑어 참치만을 충분하게 드실 수
있도로 제공합니다. 2. VIP참치 직영 전매장에서는 일식식당 직원들의 봉사료 문화를 획기적으로 개선했습니다. 참치집에 가셔서 실장님과 서빙직원에게 팁을 줘야 손님 대접을 받는것이 일식(참치식당)집 식당의 잘못된 관행이었습니다. VI...</span>]"
19565,원주추어탕,한식,추어탕전문,한식 음식점업,명동,37.56744671,126.9783752,원주추어탕 한식 추어탕전문 한식 음식점업,명동%20원주추어탕,https://m.place.naver.com/restaurant/36905488,4.37,9,"[<span class=""WoYOw"">파리바게뜨 무교점입니다. 네이버 스마트주문에서 간편하게 주문하세요!</span>]"
19597,순남시래기,한식,한식/백반/한정식,한식 음식점업,명동,37.56188987,126.9838955,순남시래기 한식 한식 백반 한정식 한식 음식점업,명동%20순남시래기,https://m.place.naver.com/restaurant/36831343,4.38,10,"[<span class=""WoYOw"">국내산 미꾸라지를 사용하여 매일 끓이며 전북 김제 공덕 농협의 갓 도정한 쌀로 지은 밥과 매일 담그는 겉저리와
깍두기를 정성껏 준비하고 있습니다. . . . .</span>]"
19631,바구트,한식,한식/백반/한정식,한식 음식점업,명동,37.56481173,126.9841841,바구트 한식 한식 백반 한정식 한식 음식점업,명동%20바구트,https://m.place.naver.com/restaurant/1054652765,4.37,294,"[<span class=""WoYOw"">5만원이상주문시 옛날과자 1봉지 증정</span>]"
19860,HotelDouce오뗄두스,유흥주점,빠/카페/스탠드빠,일반유흥 주점업,명동,37.56840963,126.9782375,HotelDouce오뗄두스 유흥주점 빠 카페 스탠드빠 일반유흥 주점업,명동%20HotelDouce오뗄두스,https://m.place.naver.com/restaurant/31564561,null,null,null
20183,라화쿵부,양식,정통양식/경양식,서양식 음식점업,명동,37.56225515,126.9855091,라화쿵부 양식 정통양식 경양식 서양식 음식점업,명동%20라화쿵부,https://m.place.naver.com/restaurant/629293540,4.41,424,"[<span class=""WoYOw"">동경제과 출신으로 프랑스에서도 인정받은 셰프가 운영하는 디저트 카페 입니다. 오뗄두스는 프랑스어로 달콤한 호텔이라는 뜻이랍니다. 이 곳의 디저트들은 셰프만의 개성있는 맛과 단순한 디자인이 장점이며, 유통기한을 짧게하여 만들기 때문에 신선한 케익을 맛볼 수 있습니다.</span>]"
20269,웰빙마을정육식당명동,한식,갈비/삼겹살,한식 음식점업,명동,37.56481173,126.9841841,웰빙마을정육식당명동 한식 갈비 삼겹살 한식 음식점업,명동%20웰빙마을정육식당명동,https://m.place.naver.com/restaurant/11604425,4.35,437,"[<span class=""WoYOw"">서울의 중심 명동에 정통 중국요리 라화쿵부가 새롭게 오픈하였습니다. 라화쿵부에는 마라탕, 마라썅꿔, 미쏀, 쇼룽포, 쏸라푼, 량피 등 중국인들이 가장 즐겨먹는 음식들 뿐만아니라 탕수육, 지삼선, 어향육슬 등 볶음류까지 다양한 메뉴가 있습니다. 명동라화쿵부에서는 정통 중국요리를 함껏 즐기실수 있습니다.</span>]"
20510,스타벅스,커피점/카페,커피전문점/카페/다방,비알콜 음료점업,명동,37.56741517,126.9778549,스타벅스 커피점 카페 커피전문점 카페 다방 비알콜 음료점업,명동%20스타벅스,https://m.place.naver.com/restaurant/1465848077,4.33,25,"[<span class=""WoYOw"">원칙을 지키는 농협 목우촌 웰빙마을은 
1+이상의 한우와 목우촌 1등급 암퇘지만을 선별하여
고객님께 최고의 고기, 맛을 선보이기 위해 노력할것입니다.</span>]"
20539,페나비,커피점/카페,커피전문점/카페/다방,비알콜 음료점업,명동,37.55858341,126.9860343,페나비 커피점 카페 커피전문점 카페 다방 비알콜 음료점업,명동%20페나비,https://m.place.naver.com/restaurant/206417241,4.46,27,"[<span class=""WoYOw"">주차불가능</span>]"
20687,본죽,별식/퓨전요리,죽전문점,한식 음식점업,명동,37.56487708,126.9834021,본죽 별식 퓨전요리 죽전문점 한식 음식점업,명동%20본죽,https://m.place.naver.com/restaurant/11727079,null,null,null
21243,1982,분식,라면김밥분식,분식 및 김밥 전문점,명동,37.56610742,126.983974,1982 분식 라면김밥분식 분식 및 김밥 전문점,명동%201982,https://m.place.naver.com/restaurant/35386846,4.4,19,[]
21245,남산짬뽕,중식,중국음식/중국집,중식 음식점업,명동,37.55729458,126.9859952,남산짬뽕 중식 중국음식 중국집 중식 음식점업,명동%20남산짬뽕,https://m.place.naver.com/restaurant/13311601,4.41,30,"[<span class=""WoYOw"">집밥지키기PROJECT

1982컵밥은 최대한 우리땅에서 나는 식재료로 당일제조를 원칙으로 합니다.</span>]"
21646,동해,일식/수산물,음식점-일식,일식 음식점업,명동,37.56733037,126.9795088,동해 일식 수산물 음식점-일식 일식 음식점업,명동%20동해,https://m.place.naver.com/restaurant/18687708,4.26,722,"[<span class=""WoYOw"">저희 미나미야마는 1976년 부터 수제 왕 돈까스와 짬뽕라멘을 장인의 정신으로 한그릇 한그릇에 혼을 담아 만들어 왔습니다. 그리고 손님 한분 한분을 내 가족처럼 생각하면 최고의 음식과 최선의 서비스를 제공해 오고 있습니다. 수차례 각종 방송 메스컴에 
소개되면 음식의 질과 서비스를 인정 받았으며 한국에 몇곳 되지 않는 라멘 그리고 수제 왕돈까스 전문점입니다. 남산 타워 남산테이블카 명동역에서 도보로 10분 이내의 거리에 위치하고 있으면 식사 전후로 가족 연인과 서울 야경을 구경하면서 즐거운 시간을 
가질수 있는 환상의 산책로에 위치해 있습니다.</span>]"
21692,곰국시집,분식,라면김밥분식,분식 및 김밥 전문점,명동,37.56305776,126.9855888,곰국시집 분식 라면김밥분식 분식 및 김밥 전문점,명동%20곰국시집,https://m.place.naver.com/restaurant/11707094,4.21,5,[]
21831,발모아왕족발보쌈,한식,족발/보쌈전문,한식 음식점업,명동,37.559492,126.9858635,발모아왕족발보쌈 한식 족발 보쌈전문 한식 음식점업,명동%20발모아왕족발보쌈,https://m.place.naver.com/restaurant/18040720,4.31,311,[]
21846,OB타임,유흥주점,호프/맥주,기타 주점업,명동,37.56015412,126.9853226,OB타임 유흥주점 호프 맥주 기타 주점업,명동%20OB타임,https://m.place.naver.com/restaurant/32241299,4.53,27,[]
22055,맘스터치,한식,한식/백반/한정식,한식 음식점업,명동,37.5670407,126.9793542,맘스터치 한식 한식 백반 한정식 한식 음식점업,명동%20맘스터치,https://m.place.naver.com/restaurant/1782972866,4.33,1,[]
22455,림왕돈까스,양식,돈가스전문점,서양식 음식점업,명동,37.55672764,126.9850295,림왕돈까스 양식 돈가스전문점 서양식 음식점업,명동%20림왕돈까스,https://m.place.naver.com/restaurant/20397696,4.37,35,"[<span class=""WoYOw"">맘스터치 서울시청점은 고객님께 최상의 품질과 서비스를 제공하기 위해 항상 노력하겠습니다.
고객만족을 최우선으로 음식에 대한 기본 원리원칙을 지켜나가겠습니다.</span>]"
22541,매드포갈릭,양식,패밀리레스토랑,서양식 음식점업,명동,37.56694744,126.9842117,매드포갈릭 양식 패밀리레스토랑 서양식 음식점업,명동%20매드포갈릭,https://m.place.naver.com/restaurant/1935876652,3.58,159,[]
22651,금산제면소,한식,한식/백반/한정식,한식 음식점업,명동,37.55861752,126.9837136,금산제면소 한식 한식 백반 한정식 한식 음식점업,명동%20금산제면소,https://m.place.naver.com/restaurant/278745744,4.32,106,"[<span class=""WoYOw"">시즌별 감성 테마에 마늘로 풍미를 더한 창작 메뉴, 페어링 와인을 즐길 수 있는 곳 매드포갈릭입니다.</span>]"
22679,을지삼계탕,닭/오리요리,삼계탕전문,한식 음식점업,명동,37.56643034,126.9890521,을지삼계탕 닭 오리요리 삼계탕전문 한식 음식점업,명동%20을지삼계탕,https://m.place.naver.com/restaurant/37889679,4.49,"1,157","[<span class=""WoYOw"">오전 11시 개점~오후 7시45분 마지막 주문  오후 2시45분 마지막 주문~오후 4시 휴식시간  직접 뽑은 면으로 탄탄멘을 만드는 작은 식당입니다. 명절을 제외하고 연중 무휴 입니다.</span>]"
23172,조개와,일식/수산물,조개구이전문,한식 음식점업,명동,37.56455966,126.9842101,조개와 일식 수산물 조개구이전문 한식 음식점업,명동%20조개와,https://m.place.naver.com/restaurant/37677485,4.3,94,"[<span class=""WoYOw"">조선 대대로 내려오는 한방 삼계탕부터 다슬기 삼계탕, 전복 삼계탕 등 보양 삼계탕과  매콤한 맛이 일품인 닭갈비, 슬로우푸드의 정석이라는 오리, 닭 백숙요리까지 다양하게 준비되어 있습니다. 혼자여도, 연인과 함께여도 좋은 을지로 맛집! 을지삼계탕에서 몸
보신 하세요 :) * 을지삼계탕은 모임 및 단체를 위한 예약도 받고 있습니다.</span>]"
23217,아리스타커피,커피점/카페,커피전문점/카페/다방,비알콜 음료점업,명동,37.56266471,126.9901896,아리스타커피 커피점 카페 커피전문점 카페 다방 비알콜 음료점업,명동%20아리스타커피,https://m.place.naver.com/restaurant/21064635,4.18,36,"[<span class=""WoYOw"">업장이용시 평일 1시간, 주말3시간 무료주차 가능</span>]"
23533,최고집숯불닭갈비,닭/오리요리,닭갈비전문,한식 음식점업,명동,37.56290982,126.9851494,최고집숯불닭갈비 닭 오리요리 닭갈비전문 한식 음식점업,명동%20최고집숯불닭갈비,https://m.place.naver.com/restaurant/1337313023,4.36,21,[]
23844,남산토리,한식,한식/백반/한정식,한식 음식점업,명동,37.55930163,126.9857303,남산토리 한식 한식 백반 한정식 한식 음식점업,명동%20남산토리,https://m.place.naver.com/restaurant/1364734844,4.5,52,"[<span class=""WoYOw"">매장방문 식사하시는분들께 홈페이지 이벤트창을    보여주시면 5~10% 할인해드립니다. - 사전예약 : 갈치구이, 갈치조림, 코다리, 조기구이 - 고객센터 : 02-3789-3334</span>]"
23863,제임스치즈등갈비,한식,갈비/삼겹살,한식 음식점업,명동,37.5633449,126.9854491,제임스치즈등갈비 한식 갈비 삼겹살 한식 음식점업,명동%20제임스치즈등갈비,https://m.place.naver.com/restaurant/35657547,4.42,15,[]
23924,부산오뎅,유흥주점,소주방/포장마차,기타 주점업,명동,37.56199326,126.9885914,부산오뎅 유흥주점 소주방 포장마차 기타 주점업,명동%20부산오뎅,https://m.place.naver.com/restaurant/19873272,4.3,71,[]
24455,모리닐로,양식,정통양식/경양식,서양식 음식점업,명동,37.56694744,126.9842117,모리닐로 양식 정통양식 경양식 서양식 음식점업,명동%20모리닐로,https://m.place.naver.com/restaurant/1200876684,null,null,null
24931,센터커피,커피점/카페,커피전문점/카페/다방,비알콜 음료점업,명동,37.56471795,126.986902,센터커피 커피점 카페 커피전문점 카페 다방 비알콜 음료점업,명동%20센터커피,https://m.place.naver.com/restaurant/37749845,4.39,24,"[<span class=""WoYOw"">카페와 공장 사이의 통유리를 통해 초콜릿 제조과정을 직접 보실 수 있는 정직한 초콜릿 디저트 카페 입니다. 가공유지 같은 카카오대체제 사용을 일절 배제하고  프랑스, 스위스, 벨기에서 들여 온 리얼 초콜릿 커버춰(Couverture)를 듬뿍 넣어 
카카오 본연의 맛이 풍부한 초콜릿을 만듭니다. 모리닐로는 뉴욕 특급 호텔출신 제과장(Executive Pastry Chef)인 김동원쉐프가 식품첨가물 사용을 최소화 하고 전국 각지의 좋은 재료를 찾아 더 건강하고 맛있는 제품을 만들고 있습니
다. 청정지역 제주도의 계란과 우유, 특산품인 한라봉 분말, 우도 땅콩 등이 그 시작입니다. *모리닐로는 고대 마야 문명에서 카카오 음료를 만들 때 카카오분말과 물을 섞는데 사용했던 도구의 이름입니다.</span>]"
24988,보나비아티제,커피점/카페,커피전문점/카페/다방,비알콜 음료점업,명동,37.56647828,126.9810033,보나비아티제 커피점 카페 커피전문점 카페 다방 비알콜 음료점업,명동%20보나비아티제,https://m.place.naver.com/restaurant/19748343,4.43,100,"[<span class=""WoYOw"">1.주차가능 2.주차장위치-입점건물 지하1,2,3층 3.주차가능대수-50대이상 4.주차조건-조건부무료(1시간 무료주차) 5. 주차요금정산방법-파트너에게 요청(파트너가 건물 주차시스템에 등록)</span>]"
25536,파리바게뜨,제과제빵떡케익,제과점,제과점업,명동,37.56398735,126.9847159,파리바게뜨 제과제빵떡케익 제과점 제과점업,명동%20파리바게뜨,https://m.place.naver.com/restaurant/1999413846,4.42,183,"[<span class=""WoYOw"">빛나는 추억을 순간을
아티제 크리스마스 케이크와 함께 하세요.</span>]"
25826,을지로골뱅이,일식/수산물,수산물전문음식점-종합,한식 음식점업,명동,37.5656927,126.9839457,을지로골뱅이 일식 수산물 수산물전문음식점-종합 한식 음식점업,명동%20을지로골뱅이,https://m.place.naver.com/restaurant/13475829,4.37,9,"[<span class=""WoYOw"">파리바게뜨 무교점입니다. 네이버 스마트주문에서 간편하게 주문하세요!</span>]"
25973,스타벅스,커피점/카페,커피전문점/카페/다방,비알콜 음료점업,명동,37.56697542,126.9822303,스타벅스 커피점 카페 커피전문점 카페 다방 비알콜 음료점업,명동%20스타벅스,https://m.place.naver.com/restaurant/1465848077,4.38,39,[]
26023,찜.안동찜닭,한식,한식/백반/한정식,한식 음식점업,명동,37.56366807,126.9853089,찜.안동찜닭 한식 한식 백반 한정식 한식 음식점업,명동%20찜.안동찜닭,https://m.place.naver.com/restaurant/37411517,4.46,27,"[<span class=""WoYOw"">주차불가능</span>]"
26127,바오차이,중식,중국음식/중국집,중식 음식점업,명동,37.56603943,126.9823563,바오차이 중식 중국음식 중국집 중식 음식점업,명동%20바오차이,https://m.place.naver.com/restaurant/34744446,null,null,null
26325,김밥천국,분식,라면김밥분식,분식 및 김밥 전문점,명동,37.56054314,126.9844571,김밥천국 분식 라면김밥분식 분식 및 김밥 전문점,명동%20김밥천국,https://m.place.naver.com/restaurant/1322495660,4.38,221,[]
26493,챠이797,중식,중국음식/중국집,중식 음식점업,명동,37.56738787,126.9851339,챠이797 중식 중국음식 중국집 중식 음식점업,명동%20챠이797,https://m.place.naver.com/restaurant/19819954,4.19,4,[]
26619,명동영양센터,닭/오리요리,삼계탕전문,한식 음식점업,명동,37.56109913,126.9831026,명동영양센터 닭 오리요리 삼계탕전문 한식 음식점업,명동%20명동영양센터,https://m.place.naver.com/restaurant/13435946,null,null,null
26997,스시한판,일식/수산물,음식점-초밥전문,일식 음식점업,명동,37.56300254,126.9854537,스시한판 일식 수산물 음식점-초밥전문 일식 음식점업,명동%20스시한판,https://m.place.naver.com/restaurant/197985931,null,null,null
27158,보물섬,유흥주점,룸살롱/단란주점,일반유흥 주점업,명동,37.56809587,126.9794644,보물섬 유흥주점 룸살롱 단란주점 일반유흥 주점업,명동%20보물섬,https://m.place.naver.com/restaurant/11687856,null,null,null
27645,무교김밥,분식,라면김밥분식,분식 및 김밥 전문점,명동,37.56809587,126.9794644,무교김밥 분식 라면김밥분식 분식 및 김밥 전문점,명동%20무교김밥,https://m.place.naver.com/restaurant/289580987,null,null,null
27799,신라원삼계탕,닭/오리요리,삼계탕전문,한식 음식점업,명동,37.56648865,126.9884967,신라원삼계탕 닭 오리요리 삼계탕전문 한식 음식점업,명동%20신라원삼계탕,https://m.place.naver.com/restaurant/11865428,null,null,null
27827,내가찜한닭,닭/오리요리,찜닭전문점,한식 음식점업,명동,37.56316784,126.9837197,내가찜한닭 닭 오리요리 찜닭전문점 한식 음식점업,명동%20내가찜한닭,https://m.place.naver.com/restaurant/37803897,null,null,null
27833,투썸플레이스,커피점/카페,커피전문점/카페/다방,비알콜 음료점업,명동,37.5688163,126.9762963,투썸플레이스 커피점 카페 커피전문점 카페 다방 비알콜 음료점업,명동%20투썸플레이스,https://m.place.naver.com/restaurant/36948845,null,null,null
27921,명동커피하우스,커피점/카페,커피전문점/카페/다방,비알콜 음료점업,명동,37.5633449,126.9854491,명동커피하우스 커피점 카페 커피전문점 카페 다방 비알콜 음료점업,명동%20명동커피하우스,https://m.place.naver.com/restaurant/1270746418,null,null,null
27972,라온,한식,기타고기요리,한식 음식점업,명동,37.56168237,126.987011,라온 한식 기타고기요리 한식 음식점업,명동%20라온,https://m.place.naver.com/restaurant/1377449381,null,null,null
28438,요기,분식,라면김밥분식,분식 및 김밥 전문점,명동,37.56900236,126.9759315,요기 분식 라면김밥분식 분식 및 김밥 전문점,명동%20요기,https://m.place.naver.com/restaurant/1329581446,null,null,null
28743,난다,커피점/카페,커피전문점/카페/다방,비알콜 음료점업,명동,37.56191976,126.985276,난다 커피점 카페 커피전문점 카페 다방 비알콜 음료점업,명동%20난다,https://m.place.naver.com/restaurant/20378898,null,null,null
29209,다미돈까스,양식,돈가스전문점,서양식 음식점업,명동,37.56063738,126.9870365,다미돈까스 양식 돈가스전문점 서양식 음식점업,명동%20다미돈까스,https://m.place.naver.com/restaurant/419944454,null,null,null
29666,오징어풍경,한식,한식/백반/한정식,한식 음식점업,명동,37.56809782,126.9796907,오징어풍경 한식 한식 백반 한정식 한식 음식점업,명동%20오징어풍경,https://m.place.naver.com/restaurant/37838271,null,null,null
29901,마포만두,분식,국수/만두/칼국수,분식 및 김밥 전문점,명동,37.56680753,126.9794819,마포만두 분식 국수 만두 칼국수 분식 및 김밥 전문점,명동%20마포만두,https://m.place.naver.com/restaurant/31894752,null,null,null
30044,스타벅스명동입구점,커피점/카페,커피전문점/카페/다방,비알콜 음료점업,명동,37.56322733,126.9822587,스타벅스명동입구점 커피점 카페 커피전문점 카페 다방 비알콜 음료점업,명동%20스타벅스명동입구점,https://m.place.naver.com/restaurant/31317961,null,null,null
30249,멧돌로만,한식,두부요리전문,한식 음식점업,명동,37.56766909,126.9801267,멧돌로만 한식 두부요리전문 한식 음식점업,명동%20멧돌로만,https://m.place.naver.com/restaurant/1774354080,null,null,null
30553,할리스커피,커피점/카페,커피전문점/카페/다방,비알콜 음료점업,명동,37.56475095,126.9834038,할리스커피 커피점 카페 커피전문점 카페 다방 비알콜 음료점업,명동%20할리스커피,https://m.place.naver.com/restaurant/33811405,null,null,null
30607,더식당,한식,한식/백반/한정식,한식 음식점업,명동,37.56614114,126.9868487,더식당 한식 한식 백반 한정식 한식 음식점업,명동%20더식당,https://m.place.naver.com/restaurant/37036817,null,null,null
30703,목멱산방,한식,한식/백반/한정식,한식 음식점업,명동,37.55810399,126.986867,목멱산방 한식 한식 백반 한정식 한식 음식점업,명동%20목멱산방,https://m.place.naver.com/restaurant/13573290,null,null,null
31168,천궁전마라탕,중식,중국음식/중국집,중식 음식점업,명동,37.56737857,126.9830059,천궁전마라탕 중식 중국음식 중국집 중식 음식점업,명동%20천궁전마라탕,https://m.place.naver.com/restaurant/1368390925,null,null,null
31568,윤식당,한식,한식/백반/한정식,한식 음식점업,명동,37.56171551,126.9877236,윤식당 한식 한식 백반 한정식 한식 음식점업,명동%20윤식당,https://m.place.naver.com/restaurant/1600478402,null,null,null
31601,아그라,일식/수산물,음식점-일식,일식 음식점업,명동,37.56762308,126.9789728,아그라 일식 수산물 음식점-일식 일식 음식점업,명동%20아그라,https://m.place.naver.com/restaurant/19891208,null,null,null
32138,반티엔야오카오위,중식,중국음식/중국집,중식 음식점업,명동,37.5643412,126.9839527,반티엔야오카오위 중식 중국음식 중국집 중식 음식점업,명동%20반티엔야오카오위,https://m.place.naver.com/restaurant/1206900466,null,null,null
32225,스타벅스,커피점/카페,커피전문점/카페/다방,비알콜 음료점업,명동,37.56074044,126.9864465,스타벅스 커피점 카페 커피전문점 카페 다방 비알콜 음료점업,명동%20스타벅스,https://m.place.naver.com/restaurant/1465848077,null,null,null
32265,바오차이,중식,중국음식/중국집,중식 음식점업,명동,37.56563848,126.9881233,바오차이 중식 중국음식 중국집 중식 음식점업,명동%20바오차이,https://m.place.naver.com/restaurant/34744446,null,null,null
32600,연타발,한식,한식/백반/한정식,한식 음식점업,명동,37.56712802,126.9811189,연타발 한식 한식 백반 한정식 한식 음식점업,명동%20연타발,https://m.place.naver.com/restaurant/1585002061,null,null,null
32775,마포설렁탕,한식,설렁탕집,한식 음식점업,명동,37.55984347,126.9837761,마포설렁탕 한식 설렁탕집 한식 음식점업,명동%20마포설렁탕,https://m.place.naver.com/restaurant/20854094,null,null,null
32813,타이가든,별식/퓨전요리,동남아음식전문점,기타 외국식 음식점업,명동,37.56340378,126.9828675,타이가든 별식 퓨전요리 동남아음식전문점 기타 외국식 음식점업,명동%20타이가든,https://m.place.naver.com/restaurant/35916466,null,null,null
32996,지구당,일식/수산물,음식점-일식,일식 음식점업,명동,37.56738787,126.9851339,지구당 일식 수산물 음식점-일식 일식 음식점업,명동%20지구당,https://m.place.naver.com/restaurant/1829342293,null,null,null
33033,무교삼계탕,닭/오리요리,삼계탕전문,한식 음식점업,명동,37.56766909,126.9801267,무교삼계탕 닭 오리요리 삼계탕전문 한식 음식점업,명동%20무교삼계탕,https://m.place.naver.com/restaurant/1022092500,null,null,null
33149,샵디씨씨,커피점/카페,커피전문점/카페/다방,비알콜 음료점업,명동,37.55830616,126.9862757,샵디씨씨 커피점 카페 커피전문점 카페 다방 비알콜 음료점업,명동%20샵디씨씨,https://m.place.naver.com/restaurant/1418720959,null,null,null
33546,남산커피집,커피점/카페,커피전문점/카페/다방,비알콜 음료점업,명동,37.55776938,126.9867244,남산커피집 커피점 카페 커피전문점 카페 다방 비알콜 음료점업,명동%20남산커피집,https://m.place.naver.com/restaurant/18694343,null,null,null
33666,명동포차,유흥주점,소주방/포장마차,기타 주점업,명동,37.56471871,126.9838457,명동포차 유흥주점 소주방 포장마차 기타 주점업,명동%20명동포차,https://m.place.naver.com/restaurant/1387838784,null,null,null
33693,백미당,커피점/카페,커피전문점/카페/다방,비알콜 음료점업,명동,37.56712802,126.9811189,백미당 커피점 카페 커피전문점 카페 다방 비알콜 음료점업,명동%20백미당,https://m.place.naver.com/restaurant/1652689768,null,null,null
33731,투썸플레이스,커피점/카페,커피전문점/카페/다방,비알콜 음료점업,명동,37.56849471,126.9807834,투썸플레이스 커피점 카페 커피전문점 카페 다방 비알콜 음료점업,명동%20투썸플레이스,https://m.place.naver.com/restaurant/36948845,null,null,null
33732,샤갈,양식,정통양식/경양식,서양식 음식점업,명동,37.56841029,126.9762339,샤갈 양식 정통양식 경양식 서양식 음식점업,명동%20샤갈,https://m.place.naver.com/restaurant/1633086289,null,null,null
33779,무교동유정낙지,한식,한식/백반/한정식,한식 음식점업,명동,37.56762461,126.9760296,무교동유정낙지 한식 한식 백반 한정식 한식 음식점업,명동%20무교동유정낙지,https://m.place.naver.com/restaurant/1140930000,null,null,null
34533,고베샤브센터원,일식/수산물,음식점-일식,일식 음식점업,명동,37.56738787,126.9851339,고베샤브센터원 일식 수산물 음식점-일식 일식 음식점업,명동%20고베샤브센터원,https://m.place.naver.com/restaurant/1326878687,null,null,null
34637,유천냉면,한식,냉면집,한식 음식점업,명동,37.56451661,126.9833957,유천냉면 한식 냉면집 한식 음식점업,명동%20유천냉면,https://m.place.naver.com/restaurant/1102404002,null,null,null
34737,Welcome,커피점/카페,커피전문점/카페/다방,비알콜 음료점업,명동,37.55820406,126.9838324,Welcome 커피점 카페 커피전문점 카페 다방 비알콜 음료점업,명동%20Welcome,https://m.place.naver.com/restaurant/34937404,null,null,null
34762,카페,한식,한식/백반/한정식,한식 음식점업,명동,37.56139358,126.9869583,카페 한식 한식 백반 한정식 한식 음식점업,명동%20카페,https://m.place.naver.com/restaurant/1194974888,null,null,null
34846,AnnaFlair,커피점/카페,커피전문점/카페/다방,비알콜 음료점업,명동,37.56216531,126.9844916,AnnaFlair 커피점 카페 커피전문점 카페 다방 비알콜 음료점업,명동%20AnnaFlair,https://m.place.naver.com/restaurant/1585059151,null,null,null
35041,미정갈비,한식,갈비/삼겹살,한식 음식점업,명동,37.56682821,126.9892166,미정갈비 한식 갈비 삼겹살 한식 음식점업,명동%20미정갈비,https://m.place.naver.com/restaurant/18010360,null,null,null
35435,채움,분식,라면김밥분식,분식 및 김밥 전문점,명동,37.55943667,126.9857171,채움 분식 라면김밥분식 분식 및 김밥 전문점,명동%20채움,https://m.place.naver.com/restaurant/1397917363,null,null,null
35732,밥엔초밥구이,일식/수산물,음식점-초밥전문,일식 음식점업,명동,37.56563848,126.9881233,밥엔초밥구이 일식 수산물 음식점-초밥전문 일식 음식점업,명동%20밥엔초밥구이,https://m.place.naver.com/restaurant/1328798364,null,null,null
37030,수가,한식,한식/백반/한정식,한식 음식점업,명동,37.56169526,126.9874636,수가 한식 한식 백반 한정식 한식 음식점업,명동%20수가,https://m.place.naver.com/restaurant/31841033,null,null,null
37066,이화수전통육개장,한식,한식/백반/한정식,한식 음식점업,명동,37.56766909,126.9801267,이화수전통육개장 한식 한식 백반 한정식 한식 음식점업,명동%20이화수전통육개장,https://m.place.naver.com/restaurant/37171403,null,null,null
37291,커피빈,커피점/카페,커피전문점/카페/다방,비알콜 음료점업,명동,37.56779685,126.9844944,커피빈 커피점 카페 커피전문점 카페 다방 비알콜 음료점업,명동%20커피빈,https://m.place.naver.com/restaurant/37408454,null,null,null
37375,기원,한식,한식/백반/한정식,한식 음식점업,명동,37.56685775,126.9884577,기원 한식 한식 백반 한정식 한식 음식점업,명동%20기원,https://m.place.naver.com/restaurant/1398124243,null,null,null
37476,아이러브펍,유흥주점,호프/맥주,기타 주점업,명동,37.56821344,126.9816022,아이러브펍 유흥주점 호프 맥주 기타 주점업,명동%20아이러브펍,https://m.place.naver.com/restaurant/18002101,null,null,null
37691,도록,한식,한식/백반/한정식,한식 음식점업,명동,37.5664255,126.9895389,도록 한식 한식 백반 한정식 한식 음식점업,명동%20도록,https://m.place.naver.com/restaurant/1021535883,null,null,null
37824,이화수전통육개장,한식,한식/백반/한정식,한식 음식점업,명동,37.567064,126.9893945,이화수전통육개장 한식 한식 백반 한정식 한식 음식점업,명동%20이화수전통육개장,https://m.place.naver.com/restaurant/37171403,null,null,null
37844,1988coffee종로점,커피점/카페,커피전문점/카페/다방,비알콜 음료점업,명동,37.56683973,126.988458,1988coffee종로점 커피점 카페 커피전문점 카페 다방 비알콜 음료점업,명동%201988coffee종로점,https://m.place.naver.com/restaurant/1068678117,null,null,null
37852,육대장,한식,해장국/감자탕,한식 음식점업,명동,37.56714323,126.9787076,육대장 한식 해장국 감자탕 한식 음식점업,명동%20육대장,https://m.place.naver.com/restaurant/36849960,null,null,null
38032,길면분식,분식,라면김밥분식,분식 및 김밥 전문점,명동,37.56821344,126.9816022,길면분식 분식 라면김밥분식 분식 및 김밥 전문점,명동%20길면분식,https://m.place.naver.com/restaurant/38644110,null,null,null
38188,정림회관,한식,한식/백반/한정식,한식 음식점업,명동,37.56167171,126.9868187,정림회관 한식 한식 백반 한정식 한식 음식점업,명동%20정림회관,https://m.place.naver.com/restaurant/1055017945,null,null,null
38320,뚜레쥬르명동역점,제과제빵떡케익,제과점,제과점업,명동,37.56116968,126.9860672,뚜레쥬르명동역점 제과제빵떡케익 제과점 제과점업,명동%20뚜레쥬르명동역점,https://m.place.naver.com/restaurant/18034702,null,null,null
38577,명동참숯92닭갈비,한식,한식/백반/한정식,한식 음식점업,명동,37.56471871,126.9838457,명동참숯92닭갈비 한식 한식 백반 한정식 한식 음식점업,명동%20명동참숯92닭갈비,https://m.place.naver.com/restaurant/704600111,null,null,null
38620,모노치즈,기타음식업,고속도로휴게소,그외 기타 음식점업,명동,37.56610742,126.983974,모노치즈 기타음식업 고속도로휴게소 그외 기타 음식점업,명동%20모노치즈,https://m.place.naver.com/restaurant/1072629916,null,null,null
39249,명동피자,패스트푸드,피자전문,"피자, 햄버거, 샌드위치 및 유사 음식점업",명동,37.56205085,126.9858515,"명동피자 패스트푸드 피자전문 피자, 햄버거, 샌드위치 및 유사 음식점업",명동%20명동피자,https://m.place.naver.com/restaurant/32247873,null,null,null
39287,곰국시,분식,국수/만두/칼국수,분식 및 김밥 전문점,명동,37.56305776,126.9855888,곰국시 분식 국수 만두 칼국수 분식 및 김밥 전문점,명동%20곰국시,https://m.place.naver.com/restaurant/1653576382,null,null,null
39335,섬,한식,한식/백반/한정식,한식 음식점업,명동,37.55908599,126.9858011,섬 한식 한식 백반 한정식 한식 음식점업,명동%20섬,https://m.place.naver.com/restaurant/38643475,null,null,null
39619,코코이찌방야,일식/수산물,음식점-일식,일식 음식점업,명동,37.56761415,126.9884022,코코이찌방야 일식 수산물 음식점-일식 일식 음식점업,명동%20코코이찌방야,https://m.place.naver.com/restaurant/1790338295,null,null,null
39745,부지,한식,한식/백반/한정식,한식 음식점업,명동,37.56663339,126.9885626,부지 한식 한식 백반 한정식 한식 음식점업,명동%20부지,https://m.place.naver.com/restaurant/1908281897,null,null,null
40483,이화카페,한식,한식/백반/한정식,한식 음식점업,명동,37.56374321,126.9877641,이화카페 한식 한식 백반 한정식 한식 음식점업,명동%20이화카페,https://m.place.naver.com/restaurant/1437890511,null,null,null
40953,오늘의식당,한식,한식/백반/한정식,한식 음식점업,명동,37.56777784,126.9822873,오늘의식당 한식 한식 백반 한정식 한식 음식점업,명동%20오늘의식당,https://m.place.naver.com/restaurant/1680171598,null,null,null
41061,우스시게,일식/수산물,음식점-일식,일식 음식점업,명동,37.56614114,126.9868487,우스시게 일식 수산물 음식점-일식 일식 음식점업,명동%20우스시게,https://m.place.naver.com/restaurant/35966112,null,null,null
41273,원조남산돈까스,양식,돈가스전문점,서양식 음식점업,명동,37.55729458,126.9859952,원조남산돈까스 양식 돈가스전문점 서양식 음식점업,명동%20원조남산돈까스,https://m.place.naver.com/restaurant/20938292,null,null,null
41767,명동뚱뚱이족발,한식,족발/보쌈전문,한식 음식점업,명동,37.55980664,126.98578,명동뚱뚱이족발 한식 족발 보쌈전문 한식 음식점업,명동%20명동뚱뚱이족발,https://m.place.naver.com/restaurant/11711082,null,null,null
41789,흑산도홍어본가,일식/수산물,홍어전문,한식 음식점업,명동,37.56647389,126.9794525,흑산도홍어본가 일식 수산물 홍어전문 한식 음식점업,명동%20흑산도홍어본가,https://m.place.naver.com/restaurant/20576157,null,null,null
41935,반가불고기,한식,한식/백반/한정식,한식 음식점업,명동,37.56361411,126.9853209,반가불고기 한식 한식 백반 한정식 한식 음식점업,명동%20반가불고기,https://m.place.naver.com/restaurant/1389970990,null,null,null
42038,종로수제비,분식,국수/만두/칼국수,분식 및 김밥 전문점,명동,37.56747144,126.9843743,종로수제비 분식 국수 만두 칼국수 분식 및 김밥 전문점,명동%20종로수제비,https://m.place.naver.com/restaurant/1859230944,null,null,null
43037,맛있는순두부&김치찜,한식,순두부전문,한식 음식점업,명동,37.56713039,126.9803492,맛있는순두부&김치찜 한식 순두부전문 한식 음식점업,명동%20맛있는순두부&김치찜,https://m.place.naver.com/restaurant/1833020385,null,null,null
43095,카페루이스,커피점/카페,커피전문점/카페/다방,비알콜 음료점업,명동,37.56686688,126.9832279,카페루이스 커피점 카페 커피전문점 카페 다방 비알콜 음료점업,명동%20카페루이스,https://m.place.naver.com/restaurant/1743127855,null,null,null
43141,영덕막회,일식/수산물,수산물전문음식점-종합,한식 음식점업,명동,37.56750778,126.9812722,영덕막회 일식 수산물 수산물전문음식점-종합 한식 음식점업,명동%20영덕막회,https://m.place.naver.com/restaurant/11781767,null,null,null
43198,ilcoffee,한식,한식/백반/한정식,한식 음식점업,명동,37.56563848,126.9881233,ilcoffee 한식 한식 백반 한정식 한식 음식점업,명동%20ilcoffee,https://m.place.naver.com/restaurant/1065719885,null,null,null
43199,시스템,일식/수산물,해물찜/탕전문,한식 음식점업,명동,37.56526409,126.9833516,시스템 일식 수산물 해물찜 탕전문 한식 음식점업,명동%20시스템,https://m.place.naver.com/restaurant/11853147,null,null,null
43407,하루엔소쿠,일식/수산물,음식점-일식,일식 음식점업,명동,37.56563848,126.9881233,하루엔소쿠 일식 수산물 음식점-일식 일식 음식점업,명동%20하루엔소쿠,https://m.place.naver.com/restaurant/1481298110,null,null,null
43433,깊은못,유흥주점,기타일반유흥주점,일반유흥 주점업,명동,37.5666176,126.9888232,깊은못 유흥주점 기타일반유흥주점 일반유흥 주점업,명동%20깊은못,https://m.place.naver.com/restaurant/1960030950,null,null,null
43522,카페마마스센터원점,커피점/카페,커피전문점/카페/다방,비알콜 음료점업,명동,37.56738787,126.9851339,카페마마스센터원점 커피점 카페 커피전문점 카페 다방 비알콜 음료점업,명동%20카페마마스센터원점,https://m.place.naver.com/restaurant/30999918,null,null,null
43579,일미리금계찜닭,닭/오리요리,찜닭전문점,한식 음식점업,명동,37.5648671,126.9832891,일미리금계찜닭 닭 오리요리 찜닭전문점 한식 음식점업,명동%20일미리금계찜닭,https://m.place.naver.com/restaurant/1638634242,null,null,null
44110,에스프레소0039,커피점/카페,커피전문점/카페/다방,비알콜 음료점업,명동,37.56794187,126.9845943,에스프레소0039 커피점 카페 커피전문점 카페 다방 비알콜 음료점업,명동%20에스프레소0039,https://m.place.naver.com/restaurant/1920750245,null,null,null
44240,스타벅스,커피점/카페,커피전문점/카페/다방,비알콜 음료점업,명동,37.56648318,126.9836633,스타벅스 커피점 카페 커피전문점 카페 다방 비알콜 음료점업,명동%20스타벅스,https://m.place.naver.com/restaurant/1465848077,null,null,null
44424,베네피트,커피점/카페,커피전문점/카페/다방,비알콜 음료점업,명동,37.56780657,126.9762309,베네피트 커피점 카페 커피전문점 카페 다방 비알콜 음료점업,명동%20베네피트,https://m.place.naver.com/restaurant/36798379,null,null,null
44506,둘둘치킨,닭/오리요리,후라이드/양념치킨,치킨 전문점,명동,37.56505372,126.9840336,둘둘치킨 닭 오리요리 후라이드 양념치킨 치킨 전문점,명동%20둘둘치킨,https://m.place.naver.com/restaurant/11723662,null,null,null
44526,녁,한식,한식/백반/한정식,한식 음식점업,명동,37.567064,126.9893945,녁 한식 한식 백반 한정식 한식 음식점업,명동%20녁,https://m.place.naver.com/restaurant/412011201,null,null,null
44757,펌푸드,분식,라면김밥분식,분식 및 김밥 전문점,명동,37.56647389,126.9794525,펌푸드 분식 라면김밥분식 분식 및 김밥 전문점,명동%20펌푸드,https://m.place.naver.com/restaurant/1360354219,null,null,null
44763,부민옥,한식,한식/백반/한정식,한식 음식점업,명동,37.56752524,126.9801627,부민옥 한식 한식 백반 한정식 한식 음식점업,명동%20부민옥,https://m.place.naver.com/restaurant/11724792,null,null,null
44842,여름지나가을,유흥주점,빠/카페/스탠드빠,일반유흥 주점업,명동,37.55845384,126.9845873,여름지나가을 유흥주점 빠 카페 스탠드빠 일반유흥 주점업,명동%20여름지나가을,https://m.place.naver.com/restaurant/1925303294,null,null,null
44972,송전일식,일식/수산물,음식점-일식,일식 음식점업,명동,37.56704898,126.9886929,송전일식 일식 수산물 음식점-일식 일식 음식점업,명동%20송전일식,https://m.place.naver.com/restaurant/32892115,null,null,null
44990,플레인,커피점/카페,커피전문점/카페/다방,비알콜 음료점업,명동,37.56840963,126.9782375,플레인 커피점 카페 커피전문점 카페 다방 비알콜 음료점업,명동%20플레인,https://m.place.naver.com/restaurant/1739017649,null,null,null
45072,창고43,한식,기타고기요리,한식 음식점업,명동,37.56762308,126.9789728,창고43 한식 기타고기요리 한식 음식점업,명동%20창고43,https://m.place.naver.com/restaurant/31243503,null,null,null
45086,유가네닭갈비,닭/오리요리,닭갈비전문,한식 음식점업,명동,37.56196231,126.9860338,유가네닭갈비 닭 오리요리 닭갈비전문 한식 음식점업,명동%20유가네닭갈비,https://m.place.naver.com/restaurant/33706202,null,null,null
45109,카페아이엠티,커피점/카페,커피전문점/카페/다방,비알콜 음료점업,명동,37.5671398,126.9793529,카페아이엠티 커피점 카페 커피전문점 카페 다방 비알콜 음료점업,명동%20카페아이엠티,https://m.place.naver.com/restaurant/1414844941,null,null,null
45339,신한카드,한식,한식/백반/한정식,한식 음식점업,명동,37.56563848,126.9881233,신한카드 한식 한식 백반 한정식 한식 음식점업,명동%20신한카드,https://m.place.naver.com/restaurant/1938849542,null,null,null
45350,델리만쥬,한식,한식/백반/한정식,한식 음식점업,명동,37.56084823,126.9853584,델리만쥬 한식 한식 백반 한정식 한식 음식점업,명동%20델리만쥬,https://m.place.naver.com/restaurant/37021284,null,null,null
45420,르빵LEPAIN,양식,정통양식/경양식,서양식 음식점업,명동,37.56366249,126.9867578,르빵LEPAIN 양식 정통양식 경양식 서양식 음식점업,명동%20르빵LEPAIN,https://m.place.naver.com/restaurant/37520301,null,null,null
45781,봉추찜닭,닭/오리요리,찜닭전문점,한식 음식점업,명동,37.56648149,126.9887119,봉추찜닭 닭 오리요리 찜닭전문점 한식 음식점업,명동%20봉추찜닭,https://m.place.naver.com/restaurant/246544586,null,null,null
46360,제주본가,한식,한식/백반/한정식,한식 음식점업,명동,37.56644147,126.9798718,제주본가 한식 한식 백반 한정식 한식 음식점업,명동%20제주본가,https://m.place.naver.com/restaurant/18005272,null,null,null
46363,호호미역,한식,한식/백반/한정식,한식 음식점업,명동,37.55940605,126.9832048,호호미역 한식 한식 백반 한정식 한식 음식점업,명동%20호호미역,https://m.place.naver.com/restaurant/1280597625,null,null,null
46385,남원추어탕,한식,추어탕전문,한식 음식점업,명동,37.56747144,126.9843743,남원추어탕 한식 추어탕전문 한식 음식점업,명동%20남원추어탕,https://m.place.naver.com/restaurant/34362925,null,null,null
46620,타마고,일식/수산물,음식점-일식,일식 음식점업,명동,37.56614114,126.9868487,타마고 일식 수산물 음식점-일식 일식 음식점업,명동%20타마고,https://m.place.naver.com/restaurant/1081165758,null,null,null
46801,희죽희죽,한식,한식/백반/한정식,한식 음식점업,명동,37.56174439,126.9879383,희죽희죽 한식 한식 백반 한정식 한식 음식점업,명동%20희죽희죽,https://m.place.naver.com/restaurant/19754007,null,null,null
47073,아그라종로점,양식,기타전문서양음식점,서양식 음식점업,명동,37.56738787,126.9851339,아그라종로점 양식 기타전문서양음식점 서양식 음식점업,명동%20아그라종로점,https://m.place.naver.com/restaurant/19891208,null,null,null
47125,한양김밥,분식,라면김밥분식,분식 및 김밥 전문점,명동,37.56610742,126.983974,한양김밥 분식 라면김밥분식 분식 및 김밥 전문점,명동%20한양김밥,https://m.place.naver.com/restaurant/1752493923,null,null,null
47191,폴바셋을지로파인에비뉴점,한식,한식/백반/한정식,한식 음식점업,명동,37.56563848,126.9881233,폴바셋을지로파인에비뉴점 한식 한식 백반 한정식 한식 음식점업,명동%20폴바셋을지로파인에비뉴점,https://m.place.naver.com/restaurant/1382044467,null,null,null
47277,하워드커피,커피점/카페,커피전문점/카페/다방,비알콜 음료점업,명동,37.56159633,126.9864349,하워드커피 커피점 카페 커피전문점 카페 다방 비알콜 음료점업,명동%20하워드커피,https://m.place.naver.com/restaurant/1659950598,null,null,null
47323,써브웨이,패스트푸드,패스트푸드,그외 기타 음식점업,명동,37.56642443,126.9894144,써브웨이 패스트푸드 패스트푸드 그외 기타 음식점업,명동%20써브웨이,https://m.place.naver.com/restaurant/36830459,null,null,null
47329,명동역남산파리바게뜨,제과제빵떡케익,제과점,제과점업,명동,37.56054654,126.9848532,명동역남산파리바게뜨 제과제빵떡케익 제과점 제과점업,명동%20명동역남산파리바게뜨,https://m.place.naver.com/restaurant/33342821,null,null,null
47334,먹보대장,한식,한식/백반/한정식,한식 음식점업,명동,37.56610742,126.983974,먹보대장 한식 한식 백반 한정식 한식 음식점업,명동%20먹보대장,https://m.place.naver.com/restaurant/31729017,null,null,null
47643,위드미,한식,한식/백반/한정식,한식 음식점업,명동,37.55918735,126.9839661,위드미 한식 한식 백반 한정식 한식 음식점업,명동%20위드미,https://m.place.naver.com/restaurant/120463388,null,null,null
47895,지우,한식,갈비/삼겹살,한식 음식점업,명동,37.56004533,126.9852448,지우 한식 갈비 삼겹살 한식 음식점업,명동%20지우,https://m.place.naver.com/restaurant/13490546,null,null,null
48004,카레대장,일식/수산물,음식점-일식,일식 음식점업,명동,37.56563848,126.9881233,카레대장 일식 수산물 음식점-일식 일식 음식점업,명동%20카레대장,https://m.place.naver.com/restaurant/1887648759,null,null,null
48008,광장동가온,한식,한식/백반/한정식,한식 음식점업,명동,37.56366249,126.9867578,광장동가온 한식 한식 백반 한정식 한식 음식점업,명동%20광장동가온,https://m.place.naver.com/restaurant/100729934,null,null,null
48040,신동궁감자탕뼈숯불구이,한식,해장국/감자탕,한식 음식점업,명동,37.5656927,126.9839457,신동궁감자탕뼈숯불구이 한식 해장국 감자탕 한식 음식점업,명동%20신동궁감자탕뼈숯불구이,https://m.place.naver.com/restaurant/275980821,null,null,null
48127,세종참치,일식/수산물,참치전문점,일식 음식점업,명동,37.56166068,126.9876338,세종참치 일식 수산물 참치전문점 일식 음식점업,명동%20세종참치,https://m.place.naver.com/restaurant/18664327,null,null,null
48195,바르다김선생,분식,라면김밥분식,분식 및 김밥 전문점,명동,37.56508772,126.9869422,바르다김선생 분식 라면김밥분식 분식 및 김밥 전문점,명동%20바르다김선생,https://m.place.naver.com/restaurant/1692278697,null,null,null
48229,어사랑,일식/수산물,음식점-일식,일식 음식점업,명동,37.56682821,126.9892166,어사랑 일식 수산물 음식점-일식 일식 음식점업,명동%20어사랑,https://m.place.naver.com/restaurant/11706795,null,null,null
48287,신룽푸마라탕,중식,중국음식/중국집,중식 음식점업,명동,37.55936645,126.9859331,신룽푸마라탕 중식 중국음식 중국집 중식 음식점업,명동%20신룽푸마라탕,https://m.place.naver.com/restaurant/988697159,null,null,null
48538,참고기집,한식,기타고기요리,한식 음식점업,명동,37.5602655,126.9846533,참고기집 한식 기타고기요리 한식 음식점업,명동%20참고기집,https://m.place.naver.com/restaurant/1553036552,null,null,null
48715,본도시락,패스트푸드,도시락전문점,한식 음식점업,명동,37.56698417,126.98849,본도시락 패스트푸드 도시락전문점 한식 음식점업,명동%20본도시락,https://m.place.naver.com/restaurant/37578142,null,null,null
48835,보돌미역,한식,한식/백반/한정식,한식 음식점업,명동,37.56174806,126.9841691,보돌미역 한식 한식 백반 한정식 한식 음식점업,명동%20보돌미역,https://m.place.naver.com/restaurant/1284729633,null,null,null
48838,샤이바나,양식,정통양식/경양식,서양식 음식점업,명동,37.56840963,126.9782375,샤이바나 양식 정통양식 경양식 서양식 음식점업,명동%20샤이바나,https://m.place.naver.com/restaurant/31076497,null,null,null
48853,연가,일식/수산물,음식점-일식,일식 음식점업,명동,37.5645188,126.9846974,연가 일식 수산물 음식점-일식 일식 음식점업,명동%20연가,https://m.place.naver.com/restaurant/21907623,null,null,null
48922,케이코쇼텐,한식,한식/백반/한정식,한식 음식점업,명동,37.56036894,126.9872551,케이코쇼텐 한식 한식 백반 한정식 한식 음식점업,명동%20케이코쇼텐,https://m.place.naver.com/restaurant/65140851,null,null,null
49106,서울다방,커피점/카페,커피전문점/카페/다방,비알콜 음료점업,명동,37.56717125,126.9829974,서울다방 커피점 카페 커피전문점 카페 다방 비알콜 음료점업,명동%20서울다방,https://m.place.naver.com/restaurant/37263960,null,null,null
49620,투썸플레이스명동역점,커피점/카페,커피전문점/카페/다방,비알콜 음료점업,명동,37.56019278,126.9856276,투썸플레이스명동역점 커피점 카페 커피전문점 카페 다방 비알콜 음료점업,명동%20투썸플레이스명동역점,https://m.place.naver.com/restaurant/30961528,null,null,null
49998,카페베네,커피점/카페,커피전문점/카페/다방,비알콜 음료점업,명동,37.56113945,126.985694,카페베네 커피점 카페 커피전문점 카페 다방 비알콜 음료점업,명동%20카페베네,https://m.place.naver.com/restaurant/1643845095,null,null,null
50229,스타벅스을지로센타,커피점/카페,커피전문점/카페/다방,비알콜 음료점업,명동,37.56694427,126.9848909,스타벅스을지로센타 커피점 카페 커피전문점 카페 다방 비알콜 음료점업,명동%20스타벅스을지로센타,https://m.place.naver.com/restaurant/31317957,null,null,null
50881,라화쿵부마라탕,중식,중국음식/중국집,중식 음식점업,명동,37.56335479,126.9834568,라화쿵부마라탕 중식 중국음식 중국집 중식 음식점업,명동%20라화쿵부마라탕,https://m.place.naver.com/restaurant/629293540,null,null,null
51048,옥키,한식,한식/백반/한정식,한식 음식점업,명동,37.56212395,126.9901743,옥키 한식 한식 백반 한정식 한식 음식점업,명동%20옥키,https://m.place.naver.com/restaurant/37272472,null,null,null
51265,직원식당,기타음식업,구내식당/자급식음식점,기관구내식당업,명동,37.56780657,126.9762309,직원식당 기타음식업 구내식당 자급식음식점 기관구내식당업,명동%20직원식당,https://m.place.naver.com/restaurant/1298936866,null,null,null
51461,명동사주카페샤프,커피점/카페,사주카페,비알콜 음료점업,명동,37.56108307,126.9833292,명동사주카페샤프 커피점 카페 사주카페 비알콜 음료점업,명동%20명동사주카페샤프,https://m.place.naver.com/restaurant/1128705244,null,null,null
51741,달인겉절이칼국수·보쌈,분식,국수/만두/칼국수,분식 및 김밥 전문점,명동,37.56563848,126.9881233,달인겉절이칼국수·보쌈 분식 국수 만두 칼국수 분식 및 김밥 전문점,명동%20달인겉절이칼국수·보쌈,https://m.place.naver.com/restaurant/38256956,null,null,null
52160,내림손삼계탕,닭/오리요리,삼계탕전문,한식 음식점업,명동,37.5646404,126.9852164,내림손삼계탕 닭 오리요리 삼계탕전문 한식 음식점업,명동%20내림손삼계탕,https://m.place.naver.com/restaurant/11590682,null,null,null
52394,벤츠,유흥주점,룸살롱/단란주점,일반유흥 주점업,명동,37.56798401,126.9811186,벤츠 유흥주점 룸살롱 단란주점 일반유흥 주점업,명동%20벤츠,https://m.place.naver.com/restaurant/1297147465,null,null,null
52446,엔제리너스,한식,한식/백반/한정식,한식 음식점업,명동,37.56139358,126.9869583,엔제리너스 한식 한식 백반 한정식 한식 음식점업,명동%20엔제리너스,https://m.place.naver.com/restaurant/12785727,null,null,null
52582,뚝심한우,한식,갈비/삼겹살,한식 음식점업,명동,37.56330238,126.9857439,뚝심한우 한식 갈비 삼겹살 한식 음식점업,명동%20뚝심한우,https://m.place.naver.com/restaurant/1752326511,null,null,null
52810,행복전집,한식,한식/백반/한정식,한식 음식점업,명동,37.56783732,126.9808263,행복전집 한식 한식 백반 한정식 한식 음식점업,명동%20행복전집,https://m.place.naver.com/restaurant/1494314398,null,null,null
52897,바스버거,패스트푸드,패스트푸드,그외 기타 음식점업,명동,37.56809782,126.9796907,바스버거 패스트푸드 패스트푸드 그외 기타 음식점업,명동%20바스버거,https://m.place.naver.com/restaurant/36383704,null,null,null
52936,커피디엔에이팩토리,한식,한식/백반/한정식,한식 음식점업,명동,37.56761415,126.9884022,커피디엔에이팩토리 한식 한식 백반 한정식 한식 음식점업,명동%20커피디엔에이팩토리,https://m.place.naver.com/restaurant/1255923335,null,null,null
53142,본죽,별식/퓨전요리,죽전문점,한식 음식점업,명동,37.56434124,126.9850054,본죽 별식 퓨전요리 죽전문점 한식 음식점업,명동%20본죽,https://m.place.naver.com/restaurant/11727079,null,null,null
53169,왕비집2호점,한식,한식/백반/한정식,한식 음식점업,명동,37.56440226,126.9847669,왕비집2호점 한식 한식 백반 한정식 한식 음식점업,명동%20왕비집2호점,https://m.place.naver.com/restaurant/19866576,null,null,null
53326,왕비집,한식,갈비/삼겹살,한식 음식점업,명동,37.56106587,126.9823786,왕비집 한식 갈비 삼겹살 한식 음식점업,명동%20왕비집,https://m.place.naver.com/restaurant/19866576,null,null,null
53529,을지황소곱창,한식,곱창/양구이전문,한식 음식점업,명동,37.56191383,126.9898376,을지황소곱창 한식 곱창 양구이전문 한식 음식점업,명동%20을지황소곱창,https://m.place.naver.com/restaurant/35228622,null,null,null
53531,커피베이한국관광공사서울센터점,커피점/카페,커피전문점/카페/다방,비알콜 음료점업,명동,37.56851986,126.9816094,커피베이한국관광공사서울센터점 커피점 카페 커피전문점 카페 다방 비알콜 음료점업,명동%20커피베이한국관광공사서울센터점,https://m.place.naver.com/restaurant/37454442,null,null,null
53566,커피광,커피점/카페,커피전문점/카페/다방,비알콜 음료점업,명동,37.56437048,126.9884121,커피광 커피점 카페 커피전문점 카페 다방 비알콜 음료점업,명동%20커피광,https://m.place.naver.com/restaurant/19982143,null,null,null
53574,가무,커피점/카페,커피전문점/카페/다방,비알콜 음료점업,명동,37.56298658,126.9835976,가무 커피점 카페 커피전문점 카페 다방 비알콜 음료점업,명동%20가무,https://m.place.naver.com/restaurant/19873009,null,null,null
53599,승승장구,한식,한식/백반/한정식,한식 음식점업,명동,37.55955172,126.9844253,승승장구 한식 한식 백반 한정식 한식 음식점업,명동%20승승장구,https://m.place.naver.com/restaurant/1677839042,null,null,null
53958,하남돼지집,한식,갈비/삼겹살,한식 음식점업,명동,37.56515184,126.9839191,하남돼지집 한식 갈비 삼겹살 한식 음식점업,명동%20하남돼지집,https://m.place.naver.com/restaurant/37720886,null,null,null
54310,보리밥,한식,보리밥전문,한식 음식점업,명동,37.56698417,126.98849,보리밥 한식 보리밥전문 한식 음식점업,명동%20보리밥,https://m.place.naver.com/restaurant/11731352,null,null,null
54332,유아히어명동본점,커피점/카페,커피전문점/카페/다방,비알콜 음료점업,명동,37.56488634,126.9844773,유아히어명동본점 커피점 카페 커피전문점 카페 다방 비알콜 음료점업,명동%20유아히어명동본점,https://m.place.naver.com/restaurant/779058538,null,null,null
54621,다락방,분식,라면김밥분식,분식 및 김밥 전문점,명동,37.56679211,126.9818706,다락방 분식 라면김밥분식 분식 및 김밥 전문점,명동%20다락방,https://m.place.naver.com/restaurant/20908119,null,null,null
54772,고기랑,한식,한식/백반/한정식,한식 음식점업,명동,37.56192912,126.9874151,고기랑 한식 한식 백반 한정식 한식 음식점업,명동%20고기랑,https://m.place.naver.com/restaurant/31575683,null,null,null
54836,맥주바켓,유흥주점,호프/맥주,기타 주점업,명동,37.56680753,126.9794819,맥주바켓 유흥주점 호프 맥주 기타 주점업,명동%20맥주바켓,https://m.place.naver.com/restaurant/1741332645,null,null,null
54849,식당진,한식,한식/백반/한정식,한식 음식점업,명동,37.56062371,126.9864933,식당진 한식 한식 백반 한정식 한식 음식점업,명동%20식당진,https://m.place.naver.com/restaurant/661220059,null,null,null
55080,일미집,한식,한식/백반/한정식,한식 음식점업,명동,37.55961624,126.9845942,일미집 한식 한식 백반 한정식 한식 음식점업,명동%20일미집,https://m.place.naver.com/restaurant/1796888009,null,null,null
55131,탐앤탐스,커피점/카페,커피전문점/카페/다방,비알콜 음료점업,명동,37.56340378,126.9828675,탐앤탐스 커피점 카페 커피전문점 카페 다방 비알콜 음료점업,명동%20탐앤탐스,https://m.place.naver.com/restaurant/37275206,null,null,null
55552,본죽&비빔밥명동2호점,별식/퓨전요리,죽전문점,한식 음식점업,명동,37.56434124,126.9850054,본죽&비빔밥명동2호점 별식 퓨전요리 죽전문점 한식 음식점업,명동%20본죽&비빔밥명동2호점,https://m.place.naver.com/restaurant/11727079,null,null,null
55592,가쯔야,분식,라면김밥분식,분식 및 김밥 전문점,명동,37.56785395,126.981709,가쯔야 분식 라면김밥분식 분식 및 김밥 전문점,명동%20가쯔야,https://m.place.naver.com/restaurant/18001921,null,null,null
55702,다동분식,분식,라면김밥분식,분식 및 김밥 전문점,명동,37.56682522,126.9815306,다동분식 분식 라면김밥분식 분식 및 김밥 전문점,명동%20다동분식,https://m.place.naver.com/restaurant/18001916,null,null,null
55730,모스버거명동중앙점,패스트푸드,패스트푸드,그외 기타 음식점업,명동,37.56537854,126.9840858,모스버거명동중앙점 패스트푸드 패스트푸드 그외 기타 음식점업,명동%20모스버거명동중앙점,https://m.place.naver.com/restaurant/33831153,null,null,null
55813,일미집,한식,한식/백반/한정식,한식 음식점업,명동,37.55961683,126.9846621,일미집 한식 한식 백반 한정식 한식 음식점업,명동%20일미집,https://m.place.naver.com/restaurant/1796888009,null,null,null
56227,광화문양갈비,한식,갈비/삼겹살,한식 음식점업,명동,37.5685611,126.9759602,광화문양갈비 한식 갈비 삼겹살 한식 음식점업,명동%20광화문양갈비,https://m.place.naver.com/restaurant/36166323,null,null,null
56535,1988,커피점/카페,커피전문점/카페/다방,비알콜 음료점업,명동,37.56683973,126.988458,1988 커피점 카페 커피전문점 카페 다방 비알콜 음료점업,명동%201988,https://m.place.naver.com/restaurant/38582020,null,null,null
56758,우리가든,한식,한식/백반/한정식,한식 음식점업,명동,37.56114962,126.9858297,우리가든 한식 한식 백반 한정식 한식 음식점업,명동%20우리가든,https://m.place.naver.com/restaurant/20077011,null,null,null
57132,매일호프,유흥주점,호프/맥주,기타 주점업,명동,37.56661886,126.9889703,매일호프 유흥주점 호프 맥주 기타 주점업,명동%20매일호프,https://m.place.naver.com/restaurant/1274049100,null,null,null
57224,할리스커피,커피점/카페,커피전문점/카페/다방,비알콜 음료점업,명동,37.56845712,126.9795613,할리스커피 커피점 카페 커피전문점 카페 다방 비알콜 음료점업,명동%20할리스커피,https://m.place.naver.com/restaurant/33811405,null,null,null
57631,아라마크시티,커피점/카페,커피전문점/카페/다방,비알콜 음료점업,명동,37.56850765,126.9801945,아라마크시티 커피점 카페 커피전문점 카페 다방 비알콜 음료점업,명동%20아라마크시티,https://m.place.naver.com/restaurant/1275180057,null,null,null
57979,동해일식,일식/수산물,음식점-일식,일식 음식점업,명동,37.56733037,126.9795088,동해일식 일식 수산물 음식점-일식 일식 음식점업,명동%20동해일식,https://m.place.naver.com/restaurant/18687708,null,null,null
58116,목우촌웰빙마을명동점,양식,정통양식/경양식,서양식 음식점업,명동,37.56481173,126.9841841,목우촌웰빙마을명동점 양식 정통양식 경양식 서양식 음식점업,명동%20목우촌웰빙마을명동점,https://m.place.naver.com/restaurant/11604425,null,null,null
58237,맛진미,한식,한식/백반/한정식,한식 음식점업,명동,37.55960918,126.9848206,맛진미 한식 한식 백반 한정식 한식 음식점업,명동%20맛진미,https://m.place.naver.com/restaurant/18040656,null,null,null
58746,에슬로우커피,한식,한식/백반/한정식,한식 음식점업,명동,37.56713039,126.9803492,에슬로우커피 한식 한식 백반 한정식 한식 음식점업,명동%20에슬로우커피,https://m.place.naver.com/restaurant/1011896219,null,null,null
58873,낭만,유흥주점,룸살롱/단란주점,일반유흥 주점업,명동,37.56704898,126.9886929,낭만 유흥주점 룸살롱 단란주점 일반유흥 주점업,명동%20낭만,https://m.place.naver.com/restaurant/1194565227,null,null,null
58919,흑돈가,한식,한식/백반/한정식,한식 음식점업,명동,37.56471871,126.9838457,흑돈가 한식 한식 백반 한정식 한식 음식점업,명동%20흑돈가,https://m.place.naver.com/restaurant/36310547,null,null,null
58970,스타벅스명동길점,커피점/카페,커피전문점/카페/다방,비알콜 음료점업,명동,37.56205085,126.9858515,스타벅스명동길점 커피점 카페 커피전문점 카페 다방 비알콜 음료점업,명동%20스타벅스명동길점,https://m.place.naver.com/restaurant/36193132,null,null,null
59151,더식당,한식,한식/백반/한정식,한식 음식점업,명동,37.56225515,126.9855091,더식당 한식 한식 백반 한정식 한식 음식점업,명동%20더식당,https://m.place.naver.com/restaurant/37036817,4.53,76,"[<span class=""WoYOw"">주차불가능</span>]"
59158,수원왕갈비,한식,갈비/삼겹살,한식 음식점업,명동,37.56306317,126.9851699,수원왕갈비 한식 갈비 삼겹살 한식 음식점업,명동%20수원왕갈비,https://m.place.naver.com/restaurant/13574892,null,null,null
59182,이삭토스트,분식,스낵,분식 및 김밥 전문점,명동,37.56085881,126.9834454,이삭토스트 분식 스낵 분식 및 김밥 전문점,명동%20이삭토스트,https://m.place.naver.com/restaurant/1549210088,null,null,null
59382,토다이,양식,패밀리레스토랑,서양식 음식점업,명동,37.56340378,126.9828675,토다이 양식 패밀리레스토랑 서양식 음식점업,명동%20토다이,https://m.place.naver.com/restaurant/13146169,null,null,null
59440,남산왕돈까스,양식,돈가스전문점,서양식 음식점업,명동,37.56471871,126.9838457,남산왕돈까스 양식 돈가스전문점 서양식 음식점업,명동%20남산왕돈까스,https://m.place.naver.com/restaurant/20938292,null,null,null
60010,카렝,일식/수산물,음식점-일식,일식 음식점업,명동,37.56563848,126.9881233,카렝 일식 수산물 음식점-일식 일식 음식점업,명동%20카렝,https://m.place.naver.com/restaurant/1887648759,null,null,null
60228,이베떡달라붙는떡볶이,분식,떡볶이전문,분식 및 김밥 전문점,명동,37.56225906,126.9838678,이베떡달라붙는떡볶이 분식 떡볶이전문 분식 및 김밥 전문점,명동%20이베떡달라붙는떡볶이,https://m.place.naver.com/restaurant/31130140,null,null,null
60388,명동솥뚜껑,한식,한식/백반/한정식,한식 음식점업,명동,37.56440041,126.9845519,명동솥뚜껑 한식 한식 백반 한정식 한식 음식점업,명동%20명동솥뚜껑,https://m.place.naver.com/restaurant/1219107497,null,null,null
60560,이영자삼계탕,닭/오리요리,삼계탕전문,한식 음식점업,명동,37.56777784,126.9822873,이영자삼계탕 닭 오리요리 삼계탕전문 한식 음식점업,명동%20이영자삼계탕,https://m.place.naver.com/restaurant/18002105,null,null,null
60632,또띠데,한식,한식/백반/한정식,한식 음식점업,명동,37.56563848,126.9881233,또띠데 한식 한식 백반 한정식 한식 음식점업,명동%20또띠데,https://m.place.naver.com/restaurant/38009221,null,null,null
60672,투썸플레이스,커피점/카페,커피전문점/카페/다방,비알콜 음료점업,명동,37.56647389,126.9794525,투썸플레이스 커피점 카페 커피전문점 카페 다방 비알콜 음료점업,명동%20투썸플레이스,https://m.place.naver.com/restaurant/36948845,null,null,null
60798,갈매기집,한식,한식/백반/한정식,한식 음식점업,명동,37.56693304,126.9814951,갈매기집 한식 한식 백반 한정식 한식 음식점업,명동%20갈매기집,https://m.place.naver.com/restaurant/38521930,null,null,null
61766,맥도날드,패스트푸드,패스트푸드,그외 기타 음식점업,명동,37.5605445,126.9846155,맥도날드 패스트푸드 패스트푸드 그외 기타 음식점업,명동%20맥도날드,https://m.place.naver.com/restaurant/18688435,null,null,null
62171,홍도참치,일식/수산물,참치전문점,일식 음식점업,명동,37.56745965,126.9830048,홍도참치 일식 수산물 참치전문점 일식 음식점업,명동%20홍도참치,https://m.place.naver.com/restaurant/18670123,null,null,null
62536,이구갈비,한식,갈비/삼겹살,한식 음식점업,명동,37.56714088,126.978436,이구갈비 한식 갈비 삼겹살 한식 음식점업,명동%20이구갈비,https://m.place.naver.com/restaurant/1339985757,null,null,null
62714,을지곱창,한식,곱창/양구이전문,한식 음식점업,명동,37.56682501,126.988843,을지곱창 한식 곱창 양구이전문 한식 음식점업,명동%20을지곱창,https://m.place.naver.com/restaurant/35228622,null,null,null
63043,폴바셋,커피점/카페,커피전문점/카페/다방,비알콜 음료점업,명동,37.56780657,126.9762309,폴바셋 커피점 카페 커피전문점 카페 다방 비알콜 음료점업,명동%20폴바셋,https://m.place.naver.com/restaurant/33879733,null,null,null
63135,돈수백,한식,한식/백반/한정식,한식 음식점업,명동,37.56713039,126.9803492,돈수백 한식 한식 백반 한정식 한식 음식점업,명동%20돈수백,https://m.place.naver.com/restaurant/1065393425,null,null,null
63567,청솔,커피점/카페,커피전문점/카페/다방,비알콜 음료점업,명동,37.56734789,126.9836289,청솔 커피점 카페 커피전문점 카페 다방 비알콜 음료점업,명동%20청솔,https://m.place.naver.com/restaurant/20827180,null,null,null
63902,엔제리너스,커피점/카페,커피전문점/카페/다방,비알콜 음료점업,명동,37.56412263,126.983684,엔제리너스 커피점 카페 커피전문점 카페 다방 비알콜 음료점업,명동%20엔제리너스,https://m.place.naver.com/restaurant/12785727,null,null,null
63917,에이투지카페,커피점/카페,커피전문점/카페/다방,비알콜 음료점업,명동,37.56840963,126.9782375,에이투지카페 커피점 카페 커피전문점 카페 다방 비알콜 음료점업,명동%20에이투지카페,https://m.place.naver.com/restaurant/33948961,null,null,null
63990,남도미가,양식,정통양식/경양식,서양식 음식점업,명동,37.56821344,126.9816022,남도미가 양식 정통양식 경양식 서양식 음식점업,명동%20남도미가,https://m.place.naver.com/restaurant/1199815526,null,null,null
64006,세종간장게장,한식,한식/백반/한정식,한식 음식점업,명동,37.56143797,126.9879311,세종간장게장 한식 한식 백반 한정식 한식 음식점업,명동%20세종간장게장,https://m.place.naver.com/restaurant/21090789,null,null,null
64056,미정갈비,한식,갈비/삼겹살,한식 음식점업,명동,37.56693612,126.9891925,미정갈비 한식 갈비 삼겹살 한식 음식점업,명동%20미정갈비,https://m.place.naver.com/restaurant/18010360,null,null,null
64066,명동덮밥도시락,분식,라면김밥분식,분식 및 김밥 전문점,명동,37.56261932,126.9859456,명동덮밥도시락 분식 라면김밥분식 분식 및 김밥 전문점,명동%20명동덮밥도시락,https://m.place.naver.com/restaurant/34585190,null,null,null
64204,향설주랑,일식/수산물,음식점-일식,일식 음식점업,명동,37.56798401,126.9811186,향설주랑 일식 수산물 음식점-일식 일식 음식점업,명동%20향설주랑,https://m.place.naver.com/restaurant/18001648,null,null,null
64225,그랑블루,양식,기타전문서양음식점,서양식 음식점업,명동,37.56712212,126.9898691,그랑블루 양식 기타전문서양음식점 서양식 음식점업,명동%20그랑블루,https://m.place.naver.com/restaurant/1976054874,null,null,null
64461,태진옥,한식,한식/백반/한정식,한식 음식점업,명동,37.56742105,126.978534,태진옥 한식 한식 백반 한정식 한식 음식점업,명동%20태진옥,https://m.place.naver.com/restaurant/1171330252,null,null,null
64745,카페트리빈,커피점/카페,커피전문점/카페/다방,비알콜 음료점업,명동,37.56715194,126.9870388,카페트리빈 커피점 카페 커피전문점 카페 다방 비알콜 음료점업,명동%20카페트리빈,https://m.place.naver.com/restaurant/1583644157,null,null,null
65066,아티제,커피점/카페,커피전문점/카페/다방,비알콜 음료점업,명동,37.56508772,126.9869422,아티제 커피점 카페 커피전문점 카페 다방 비알콜 음료점업,명동%20아티제,https://m.place.naver.com/restaurant/19748343,null,null,null
65074,명동함흥냉면,한식,냉면집,한식 음식점업,명동,37.56188987,126.9838955,명동함흥냉면 한식 냉면집 한식 음식점업,명동%20명동함흥냉면,https://m.place.naver.com/restaurant/11477706,null,null,null
65137,101번지남산돈까스,양식,돈가스전문점,서양식 음식점업,명동,37.55694088,126.9857283,101번지남산돈까스 양식 돈가스전문점 서양식 음식점업,명동%20101번지남산돈까스,https://m.place.naver.com/restaurant/12890044,null,null,null
65712,참복집,일식/수산물,음식점-일식,일식 음식점업,명동,37.56841029,126.9762339,참복집 일식 수산물 음식점-일식 일식 음식점업,명동%20참복집,https://m.place.naver.com/restaurant/37547162,null,null,null
65717,해바라기,한식,한식/백반/한정식,한식 음식점업,명동,37.55678549,126.9854701,해바라기 한식 한식 백반 한정식 한식 음식점업,명동%20해바라기,https://m.place.naver.com/restaurant/1212611307,null,null,null
66313,아티제,커피점/카페,커피전문점/카페/다방,비알콜 음료점업,명동,37.56647828,126.9810033,아티제 커피점 카페 커피전문점 카페 다방 비알콜 음료점업,명동%20아티제,https://m.place.naver.com/restaurant/19748343,null,null,null
66594,정통삼계탕,닭/오리요리,삼계탕전문,한식 음식점업,명동,37.56743658,126.989763,정통삼계탕 닭 오리요리 삼계탕전문 한식 음식점업,명동%20정통삼계탕,https://m.place.naver.com/restaurant/17909465,null,null,null
66906,녹우,한식,한식/백반/한정식,한식 음식점업,명동,37.55940605,126.9832048,녹우 한식 한식 백반 한정식 한식 음식점업,명동%20녹우,https://m.place.naver.com/restaurant/1042276981,null,null,null
67068,에쎄레젤라또,커피점/카페,커피전문점/카페/다방,비알콜 음료점업,명동,37.56366249,126.9867578,에쎄레젤라또 커피점 카페 커피전문점 카페 다방 비알콜 음료점업,명동%20에쎄레젤라또,https://m.place.naver.com/restaurant/36998139,null,null,null
67122,안가,한식,한식/백반/한정식,한식 음식점업,명동,37.56693553,126.9880718,안가 한식 한식 백반 한정식 한식 음식점업,명동%20안가,https://m.place.naver.com/restaurant/1237817685,null,null,null
67169,카페다스티,커피점/카페,커피전문점/카페/다방,비알콜 음료점업,명동,37.55943667,126.9857171,카페다스티 커피점 카페 커피전문점 카페 다방 비알콜 음료점업,명동%20카페다스티,https://m.place.naver.com/restaurant/35494869,null,null,null
67182,약천,커피점/카페,커피전문점/카페/다방,비알콜 음료점업,명동,37.56407608,126.9845563,약천 커피점 카페 커피전문점 카페 다방 비알콜 음료점업,명동%20약천,https://m.place.naver.com/restaurant/18036539,null,null,null
67245,박대감닭한마리,한식,한식/백반/한정식,한식 음식점업,명동,37.56471871,126.9838457,박대감닭한마리 한식 한식 백반 한정식 한식 음식점업,명동%20박대감닭한마리,https://m.place.naver.com/restaurant/11724502,null,null,null
67259,카페느티,한식,한식/백반/한정식,한식 음식점업,명동,37.56636417,126.9886908,카페느티 한식 한식 백반 한정식 한식 음식점업,명동%20카페느티,https://m.place.naver.com/restaurant/1327998904,null,null,null
67538,포비아명동,커피점/카페,커피전문점/카페/다방,비알콜 음료점업,명동,37.56325441,126.985405,포비아명동 커피점 카페 커피전문점 카페 다방 비알콜 음료점업,명동%20포비아명동,https://m.place.naver.com/restaurant/37629951,null,null,null
67640,구할구,커피점/카페,커피전문점/카페/다방,비알콜 음료점업,명동,37.55820417,126.9869902,구할구 커피점 카페 커피전문점 카페 다방 비알콜 음료점업,명동%20구할구,https://m.place.naver.com/restaurant/1273878741,null,null,null
67820,앤레커피,커피점/카페,커피전문점/카페/다방,비알콜 음료점업,명동,37.56694744,126.9842117,앤레커피 커피점 카페 커피전문점 카페 다방 비알콜 음료점업,명동%20앤레커피,https://m.place.naver.com/restaurant/1620513062,null,null,null
67830,더와플,커피점/카페,커피전문점/카페/다방,비알콜 음료점업,명동,37.56777784,126.9822873,더와플 커피점 카페 커피전문점 카페 다방 비알콜 음료점업,명동%20더와플,https://m.place.naver.com/restaurant/1951756019,null,null,null
67854,대한트럭,기타음식업,고속도로휴게소,그외 기타 음식점업,명동,37.56627108,126.9778819,대한트럭 기타음식업 고속도로휴게소 그외 기타 음식점업,명동%20대한트럭,https://m.place.naver.com/restaurant/1428064023,null,null,null
67976,CRAZY,분식,라면김밥분식,분식 및 김밥 전문점,명동,37.56712802,126.9811189,CRAZY 분식 라면김밥분식 분식 및 김밥 전문점,명동%20CRAZY,https://m.place.naver.com/restaurant/1916401258,null,null,null
68292,302호,유흥주점,빠/카페/스탠드빠,일반유흥 주점업,명동,37.56661702,126.9887553,302호 유흥주점 빠 카페 스탠드빠 일반유흥 주점업,명동%20302호,https://m.place.naver.com/restaurant/1213855227,null,null,null
68299,서울비어프로젝트,양식,정통양식/경양식,서양식 음식점업,명동,37.56721135,126.989766,서울비어프로젝트 양식 정통양식 경양식 서양식 음식점업,명동%20서울비어프로젝트,https://m.place.naver.com/restaurant/1199130094,null,null,null
68324,나비,커피점/카페,커피전문점/카페/다방,비알콜 음료점업,명동,37.567064,126.9893945,나비 커피점 카페 커피전문점 카페 다방 비알콜 음료점업,명동%20나비,https://m.place.naver.com/restaurant/31314038,null,null,null
68533,펜타워,양식,정통양식/경양식,서양식 음식점업,명동,37.5584072,126.9865007,펜타워 양식 정통양식 경양식 서양식 음식점업,명동%20펜타워,https://m.place.naver.com/restaurant/1257457076,null,null,null
68573,노브랜드버거,패스트푸드,패스트푸드,그외 기타 음식점업,명동,37.56113945,126.985694,노브랜드버거 패스트푸드 패스트푸드 그외 기타 음식점업,명동%20노브랜드버거,https://m.place.naver.com/restaurant/1356174948,null,null,null
68987,노브랜드버거,패스트푸드,패스트푸드,그외 기타 음식점업,명동,37.56739833,126.9790324,노브랜드버거 패스트푸드 패스트푸드 그외 기타 음식점업,명동%20노브랜드버거,https://m.place.naver.com/restaurant/1356174948,null,null,null
69437,다도해물집,일식/수산물,해물찜/탕전문,한식 음식점업,명동,37.56333667,126.9855397,다도해물집 일식 수산물 해물찜 탕전문 한식 음식점업,명동%20다도해물집,https://m.place.naver.com/restaurant/33878633,null,null,null
69494,한일관을지로,한식,한식/백반/한정식,한식 음식점업,명동,37.56694744,126.9842117,한일관을지로 한식 한식 백반 한정식 한식 음식점업,명동%20한일관을지로,https://m.place.naver.com/restaurant/21037772,null,null,null
69667,부스터커피,유흥주점,빠/카페/스탠드빠,일반유흥 주점업,명동,37.56016762,126.9837491,부스터커피 유흥주점 빠 카페 스탠드빠 일반유흥 주점업,명동%20부스터커피,https://m.place.naver.com/restaurant/36683634,null,null,null
70058,플로팅,유흥주점,빠/카페/스탠드빠,일반유흥 주점업,명동,37.56139358,126.9869583,플로팅 유흥주점 빠 카페 스탠드빠 일반유흥 주점업,명동%20플로팅,https://m.place.naver.com/restaurant/1746065215,null,null,null
70277,둘둘치킨명동2호점,닭/오리요리,후라이드/양념치킨,치킨 전문점,명동,37.56468735,126.9843895,둘둘치킨명동2호점 닭 오리요리 후라이드 양념치킨 치킨 전문점,명동%20둘둘치킨명동2호점,https://m.place.naver.com/restaurant/12902230,null,null,null
70478,본우리반상센터원점센터원점,한식,한식/백반/한정식,한식 음식점업,명동,37.56738787,126.9851339,본우리반상센터원점센터원점 한식 한식 백반 한정식 한식 음식점업,명동%20본우리반상센터원점센터원점,https://m.place.naver.com/restaurant/37553772,null,null,null
70811,엔제리너스,한식,한식/백반/한정식,한식 음식점업,명동,37.56809587,126.9794644,엔제리너스 한식 한식 백반 한정식 한식 음식점업,명동%20엔제리너스,https://m.place.naver.com/restaurant/12785727,null,null,null
70848,고시레,한식,한식/백반/한정식,한식 음식점업,명동,37.56201002,126.9884441,고시레 한식 한식 백반 한정식 한식 음식점업,명동%20고시레,https://m.place.naver.com/restaurant/34882604,null,null,null
71160,혜민당,커피점/카페,커피전문점/카페/다방,비알콜 음료점업,명동,37.56647151,126.9885988,혜민당 커피점 카페 커피전문점 카페 다방 비알콜 음료점업,명동%20혜민당,https://m.place.naver.com/restaurant/86196000,null,null,null
71168,미커피,커피점/카페,커피전문점/카페/다방,비알콜 음료점업,명동,37.56067283,126.9869681,미커피 커피점 카페 커피전문점 카페 다방 비알콜 음료점업,명동%20미커피,https://m.place.naver.com/restaurant/1319904262,null,null,null
71206,골드바틀센터플레이스점,커피점/카페,커피전문점/카페/다방,비알콜 음료점업,명동,37.56713039,126.9803492,골드바틀센터플레이스점 커피점 카페 커피전문점 카페 다방 비알콜 음료점업,명동%20골드바틀센터플레이스점,https://m.place.naver.com/restaurant/214309640,null,null,null
71269,서울프린스호텔,커피점/카페,커피전문점/카페/다방,비알콜 음료점업,명동,37.5606577,126.9862552,서울프린스호텔 커피점 카페 커피전문점 카페 다방 비알콜 음료점업,명동%20서울프린스호텔,https://m.place.naver.com/restaurant/11658940,null,null,null
71285,커피앤틱,커피점/카페,커피전문점/카페/다방,비알콜 음료점업,명동,37.55707709,126.985851,커피앤틱 커피점 카페 커피전문점 카페 다방 비알콜 음료점업,명동%20커피앤틱,https://m.place.naver.com/restaurant/21700981,null,null,null
71785,치르치르,한식,한식/백반/한정식,한식 음식점업,명동,37.56471871,126.9838457,치르치르 한식 한식 백반 한정식 한식 음식점업,명동%20치르치르,https://m.place.naver.com/restaurant/37489377,null,null,null
72207,도통사주카페,커피점/카페,사주카페,비알콜 음료점업,명동,37.56193657,126.9840873,도통사주카페 커피점 카페 사주카페 비알콜 음료점업,명동%20도통사주카페,https://m.place.naver.com/restaurant/18039496,null,null,null
72380,영덕회식당,일식/수산물,횟집,한식 음식점업,명동,37.56875433,126.9795459,영덕회식당 일식 수산물 횟집 한식 음식점업,명동%20영덕회식당,https://m.place.naver.com/restaurant/11781767,null,null,null
72575,서원,한식,한식/백반/한정식,한식 음식점업,명동,37.5612631,126.9875034,서원 한식 한식 백반 한정식 한식 음식점업,명동%20서원,https://m.place.naver.com/restaurant/18034663,null,null,null
72715,안동찜닭,닭/오리요리,찜닭전문점,한식 음식점업,명동,37.56366807,126.9853089,안동찜닭 닭 오리요리 찜닭전문점 한식 음식점업,명동%20안동찜닭,https://m.place.naver.com/restaurant/19419201,null,null,null
72812,순남시래기,한식,한식/백반/한정식,한식 음식점업,명동,37.56292437,126.9857944,순남시래기 한식 한식 백반 한정식 한식 음식점업,명동%20순남시래기,https://m.place.naver.com/restaurant/36831343,null,null,null
72828,킹카,유흥주점,룸살롱/단란주점,일반유흥 주점업,명동,37.56788678,126.9802936,킹카 유흥주점 룸살롱 단란주점 일반유흥 주점업,명동%20킹카,https://m.place.naver.com/restaurant/20896623,null,null,null
73305,포메인,별식/퓨전요리,동남아음식전문점,기타 외국식 음식점업,명동,37.56713677,126.979002,포메인 별식 퓨전요리 동남아음식전문점 기타 외국식 음식점업,명동%20포메인,https://m.place.naver.com/restaurant/17907954,null,null,null
73584,마르셀,양식,기타전문서양음식점,서양식 음식점업,명동,37.56881486,126.9782094,마르셀 양식 기타전문서양음식점 서양식 음식점업,명동%20마르셀,https://m.place.naver.com/restaurant/1735375228,null,null,null
73616,가배도,한식,한식/백반/한정식,한식 음식점업,명동,37.56041276,126.9850135,가배도 한식 한식 백반 한정식 한식 음식점업,명동%20가배도,https://m.place.naver.com/restaurant/1194974888,null,null,null
73648,하이디라오,중식,중국음식/중국집,중식 음식점업,명동,37.56533929,126.9837128,하이디라오 중식 중국음식 중국집 중식 음식점업,명동%20하이디라오,https://m.place.naver.com/restaurant/1501495669,null,null,null
73749,카페드파리,커피점/카페,커피전문점/카페/다방,비알콜 음료점업,명동,37.56254619,126.9837281,카페드파리 커피점 카페 커피전문점 카페 다방 비알콜 음료점업,명동%20카페드파리,https://m.place.naver.com/restaurant/38251688,null,null,null
73793,곤트란쉐리에,제과제빵떡케익,제과점,제과점업,명동,37.5679764,126.9781529,곤트란쉐리에 제과제빵떡케익 제과점 제과점업,명동%20곤트란쉐리에,https://m.place.naver.com/restaurant/1126642959,null,null,null
73823,군자대한곱창,한식,곱창/양구이전문,한식 음식점업,명동,37.56458834,126.9844022,군자대한곱창 한식 곱창 양구이전문 한식 음식점업,명동%20군자대한곱창,https://m.place.naver.com/restaurant/1039629174,null,null,null
73825,세광양대창,한식,곱창/양구이전문,한식 음식점업,명동,37.56581002,126.9839667,세광양대창 한식 곱창 양구이전문 한식 음식점업,명동%20세광양대창,https://m.place.naver.com/restaurant/1664785027,null,null,null
73904,스타벅스,커피점/카페,커피전문점/카페/다방,비알콜 음료점업,명동,37.56629791,126.9799417,스타벅스 커피점 카페 커피전문점 카페 다방 비알콜 음료점업,명동%20스타벅스,https://m.place.naver.com/restaurant/1465848077,null,null,null
74149,미스터힐링,커피점/카페,커피전문점/카페/다방,비알콜 음료점업,명동,37.56225515,126.9855091,미스터힐링 커피점 카페 커피전문점 카페 다방 비알콜 음료점업,명동%20미스터힐링,https://m.place.naver.com/restaurant/37546712,null,null,null
74281,맷차,커피점/카페,커피전문점/카페/다방,비알콜 음료점업,명동,37.56461781,126.9846847,맷차 커피점 카페 커피전문점 카페 다방 비알콜 음료점업,명동%20맷차,https://m.place.naver.com/restaurant/1507052049,null,null,null
74882,적당,커피점/카페,커피전문점/카페/다방,비알콜 음료점업,명동,37.56647828,126.9810033,적당 커피점 카페 커피전문점 카페 다방 비알콜 음료점업,명동%20적당,https://m.place.naver.com/restaurant/1250997417,null,null,null
74931,레오니다스,유흥주점,빠/카페/스탠드빠,일반유흥 주점업,명동,37.56384352,126.9858045,레오니다스 유흥주점 빠 카페 스탠드빠 일반유흥 주점업,명동%20레오니다스,https://m.place.naver.com/restaurant/12929539,null,null,null
75164,스너그,유흥주점,빠/카페/스탠드빠,일반유흥 주점업,명동,37.56708337,126.9885,스너그 유흥주점 빠 카페 스탠드빠 일반유흥 주점업,명동%20스너그,https://m.place.naver.com/restaurant/1208890227,null,null,null
75445,광화문석갈비,한식,갈비/삼겹살,한식 음식점업,명동,37.56840963,126.9782375,광화문석갈비 한식 갈비 삼겹살 한식 음식점업,명동%20광화문석갈비,https://m.place.naver.com/restaurant/1278021220,null,null,null
75612,두끼떡볶이,분식,떡볶이전문,분식 및 김밥 전문점,명동,37.56231232,126.9858706,두끼떡볶이 분식 떡볶이전문 분식 및 김밥 전문점,명동%20두끼떡볶이,https://m.place.naver.com/restaurant/1020811341,null,null,null
75655,언톨드스위츠,커피점/카페,커피전문점/카페/다방,비알콜 음료점업,명동,37.56322733,126.9822587,언톨드스위츠 커피점 카페 커피전문점 카페 다방 비알콜 음료점업,명동%20언톨드스위츠,https://m.place.naver.com/restaurant/1486908254,null,null,null
75884,두부,한식,한식/백반/한정식,한식 음식점업,명동,37.56103904,126.9844956,두부 한식 한식 백반 한정식 한식 음식점업,명동%20두부,https://m.place.naver.com/restaurant/20888940,null,null,null
75944,뜸부기,한식,한식/백반/한정식,한식 음식점업,명동,37.56694339,126.9889886,뜸부기 한식 한식 백반 한정식 한식 음식점업,명동%20뜸부기,https://m.place.naver.com/restaurant/37830327,null,null,null
76122,투썸플레이스,커피점/카페,커피전문점/카페/다방,비알콜 음료점업,명동,37.56139358,126.9869583,투썸플레이스 커피점 카페 커피전문점 카페 다방 비알콜 음료점업,명동%20투썸플레이스,https://m.place.naver.com/restaurant/36948845,null,null,null
76203,금강산,한식,한식/백반/한정식,한식 음식점업,명동,37.56722089,126.9783104,금강산 한식 한식 백반 한정식 한식 음식점업,명동%20금강산,https://m.place.naver.com/restaurant/11486768,null,null,null
76261,두끼,한식,한식/백반/한정식,한식 음식점업,명동,37.56340378,126.9828675,두끼 한식 한식 백반 한정식 한식 음식점업,명동%20두끼,https://m.place.naver.com/restaurant/1020811341,null,null,null
76309,포동이네집,한식,한식/백반/한정식,한식 음식점업,명동,37.55845384,126.9845873,포동이네집 한식 한식 백반 한정식 한식 음식점업,명동%20포동이네집,https://m.place.naver.com/restaurant/20834742,null,null,null
76334,보스,유흥주점,룸살롱/단란주점,일반유흥 주점업,명동,37.56188796,126.9899738,보스 유흥주점 룸살롱 단란주점 일반유흥 주점업,명동%20보스,https://m.place.naver.com/restaurant/1006162445,null,null,null
76589,바니,양식,정통양식/경양식,서양식 음식점업,명동,37.56781381,126.9812341,바니 양식 정통양식 경양식 서양식 음식점업,명동%20바니,https://m.place.naver.com/restaurant/18001446,null,null,null
76608,CGV,패스트푸드,패스트푸드,그외 기타 음식점업,명동,37.56340378,126.9828675,CGV 패스트푸드 패스트푸드 그외 기타 음식점업,명동%20CGV,https://m.place.naver.com/restaurant/12125217,null,null,null
76679,비스트로74,양식,정통양식/경양식,서양식 음식점업,명동,37.56366249,126.9867578,비스트로74 양식 정통양식 경양식 서양식 음식점업,명동%20비스트로74,https://m.place.naver.com/restaurant/35781578,null,null,null
76845,명동빈대떡,한식,파전전문,한식 음식점업,명동,37.55930163,126.9857303,명동빈대떡 한식 파전전문 한식 음식점업,명동%20명동빈대떡,https://m.place.naver.com/restaurant/189422017,null,null,null
76860,고향칼국수,분식,국수/만두/칼국수,분식 및 김밥 전문점,명동,37.5670888,126.9891338,고향칼국수 분식 국수 만두 칼국수 분식 및 김밥 전문점,명동%20고향칼국수,https://m.place.naver.com/restaurant/1271927601,null,null,null
77181,사랑채,커피점/카페,커피전문점/카페/다방,비알콜 음료점업,명동,37.56715194,126.9870388,사랑채 커피점 카페 커피전문점 카페 다방 비알콜 음료점업,명동%20사랑채,https://m.place.naver.com/restaurant/1267409685,null,null,null
77194,커피팟,커피점/카페,커피전문점/카페/다방,비알콜 음료점업,명동,37.56769698,126.9907103,커피팟 커피점 카페 커피전문점 카페 다방 비알콜 음료점업,명동%20커피팟,https://m.place.naver.com/restaurant/20892592,null,null,null
77522,한우삼겹,한식,갈비/삼겹살,한식 음식점업,명동,37.56220675,126.9840723,한우삼겹 한식 갈비 삼겹살 한식 음식점업,명동%20한우삼겹,https://m.place.naver.com/restaurant/975294583,null,null,null
77984,삼호정,한식,한식/백반/한정식,한식 음식점업,명동,37.5596947,126.9842875,삼호정 한식 한식 백반 한정식 한식 음식점업,명동%20삼호정,https://m.place.naver.com/restaurant/11726707,null,null,null
78442,강남교자센터원점,한식,한식/백반/한정식,한식 음식점업,명동,37.56738787,126.9851339,강남교자센터원점 한식 한식 백반 한정식 한식 음식점업,명동%20강남교자센터원점,https://m.place.naver.com/restaurant/33963834,null,null,null
78875,남도한식,한식,한식/백반/한정식,한식 음식점업,명동,37.56587666,126.9864788,남도한식 한식 한식 백반 한정식 한식 음식점업,명동%20남도한식,https://m.place.naver.com/restaurant/37069135,null,null,null
78900,커피밀,커피점/카페,커피전문점/카페/다방,비알콜 음료점업,명동,37.56663339,126.9885626,커피밀 커피점 카페 커피전문점 카페 다방 비알콜 음료점업,명동%20커피밀,https://m.place.naver.com/restaurant/37471212,null,null,null
78951,유가네닭갈비,닭/오리요리,닭갈비전문,한식 음식점업,명동,37.5632739,126.9834805,유가네닭갈비 닭 오리요리 닭갈비전문 한식 음식점업,명동%20유가네닭갈비,https://m.place.naver.com/restaurant/33706202,null,null,null
78952,참치공방,일식/수산물,참치전문점,일식 음식점업,명동,37.56717125,126.9829974,참치공방 일식 수산물 참치전문점 일식 음식점업,명동%20참치공방,https://m.place.naver.com/restaurant/502703190,null,null,null
78967,마마스찬,한식,한식/백반/한정식,한식 음식점업,명동,37.56599699,126.9868507,마마스찬 한식 한식 백반 한정식 한식 음식점업,명동%20마마스찬,https://m.place.naver.com/restaurant/1844148852,null,null,null
79019,빌리엔젤,커피점/카페,커피전문점/카페/다방,비알콜 음료점업,명동,37.5644626,126.9844491,빌리엔젤 커피점 카페 커피전문점 카페 다방 비알콜 음료점업,명동%20빌리엔젤,https://m.place.naver.com/restaurant/1208325435,null,null,null
79121,동심,커피점/카페,커피전문점/카페/다방,비알콜 음료점업,명동,37.55921928,126.9855842,동심 커피점 카페 커피전문점 카페 다방 비알콜 음료점업,명동%20동심,https://m.place.naver.com/restaurant/1833453021,null,null,null
79205,매머드커피장교빌딩점,커피점/카페,커피전문점/카페/다방,비알콜 음료점업,명동,37.56715194,126.9870388,매머드커피장교빌딩점 커피점 카페 커피전문점 카페 다방 비알콜 음료점업,명동%20매머드커피장교빌딩점,https://m.place.naver.com/restaurant/1962216707,null,null,null
79280,빽다방명동중앙우체,커피점/카페,커피전문점/카페/다방,비알콜 음료점업,명동,37.56242189,126.9818508,빽다방명동중앙우체 커피점 카페 커피전문점 카페 다방 비알콜 음료점업,명동%20빽다방명동중앙우체,https://m.place.naver.com/restaurant/38232320,null,null,null
79401,bird,한식,한식/백반/한정식,한식 음식점업,명동,37.55911035,126.9844426,bird 한식 한식 백반 한정식 한식 음식점업,명동%20bird,https://m.place.naver.com/restaurant/1694673138,null,null,null
80116,오븐에빠진닭,닭/오리요리,후라이드/양념치킨,치킨 전문점,명동,37.56471871,126.9838457,오븐에빠진닭 닭 오리요리 후라이드 양념치킨 치킨 전문점,명동%20오븐에빠진닭,https://m.place.naver.com/restaurant/19459625,null,null,null
80317,다동골뱅이치킨,닭/오리요리,후라이드/양념치킨,치킨 전문점,명동,37.56685108,126.9813944,다동골뱅이치킨 닭 오리요리 후라이드 양념치킨 치킨 전문점,명동%20다동골뱅이치킨,https://m.place.naver.com/restaurant/11663452,null,null,null
80419,쿠우쿠우,부페,종합부페,,명동,37.56413724,126.9853817,쿠우쿠우 부페 종합부페 ,명동%20쿠우쿠우,https://m.place.naver.com/restaurant/32315856,null,null,null
80468,커피빈,커피점/카페,커피전문점/카페/다방,비알콜 음료점업,명동,37.56686688,126.9832279,커피빈 커피점 카페 커피전문점 카페 다방 비알콜 음료점업,명동%20커피빈,https://m.place.naver.com/restaurant/37408454,null,null,null
80667,카페아이엠티,커피점/카페,커피전문점/카페/다방,비알콜 음료점업,명동,37.56570325,126.9862208,카페아이엠티 커피점 카페 커피전문점 카페 다방 비알콜 음료점업,명동%20카페아이엠티,https://m.place.naver.com/restaurant/1414844941,null,null,null
80931,루프트커피,커피점/카페,커피전문점/카페/다방,비알콜 음료점업,명동,37.56209818,126.9892691,루프트커피 커피점 카페 커피전문점 카페 다방 비알콜 음료점업,명동%20루프트커피,https://m.place.naver.com/restaurant/152660082,null,null,null
81013,더스팟패뷸러스,커피점/카페,커피전문점/카페/다방,비알콜 음료점업,명동,37.56213759,126.9823188,더스팟패뷸러스 커피점 카페 커피전문점 카페 다방 비알콜 음료점업,명동%20더스팟패뷸러스,https://m.place.naver.com/restaurant/181633326,null,null,null
81088,9테이블,한식,한식/백반/한정식,한식 음식점업,명동,37.56587666,126.9864788,9테이블 한식 한식 백반 한정식 한식 음식점업,명동%209테이블,https://m.place.naver.com/restaurant/1838134780,null,null,null
81089,한일관,한식,한식/백반/한정식,한식 음식점업,명동,37.56738787,126.9851339,한일관 한식 한식 백반 한정식 한식 음식점업,명동%20한일관,https://m.place.naver.com/restaurant/21037772,null,null,null
81096,방방짬뽕,중식,중국음식/중국집,중식 음식점업,명동,37.56647389,126.9794525,방방짬뽕 중식 중국음식 중국집 중식 음식점업,명동%20방방짬뽕,https://m.place.naver.com/restaurant/1750114893,null,null,null
81120,신세계떡볶이,분식,떡볶이전문,분식 및 김밥 전문점,명동,37.56434124,126.9850054,신세계떡볶이 분식 떡볶이전문 분식 및 김밥 전문점,명동%20신세계떡볶이,https://m.place.naver.com/restaurant/1192169754,null,null,null
81172,하나골뱅이북어구이전문점,유흥주점,호프/맥주,기타 주점업,명동,37.56729325,126.9835617,하나골뱅이북어구이전문점 유흥주점 호프 맥주 기타 주점업,명동%20하나골뱅이북어구이전문점,https://m.place.naver.com/restaurant/31658524,null,null,null
81421,밥먹는술집광장,유흥주점,기타일반유흥주점,일반유흥 주점업,명동,37.56691162,126.9894871,밥먹는술집광장 유흥주점 기타일반유흥주점 일반유흥 주점업,명동%20밥먹는술집광장,https://m.place.naver.com/restaurant/1706662579,null,null,null
81435,넥스트스테이션,양식,기타전문서양음식점,서양식 음식점업,명동,37.56266282,126.9836699,넥스트스테이션 양식 기타전문서양음식점 서양식 음식점업,명동%20넥스트스테이션,https://m.place.naver.com/restaurant/731507924,null,null,null
81514,잘차려진바다,일식/수산물,낙지/오징어,한식 음식점업,명동,37.56680239,126.9820176,잘차려진바다 일식 수산물 낙지 오징어 한식 음식점업,명동%20잘차려진바다,https://m.place.naver.com/restaurant/1025442525,null,null,null
81549,참맛순대국,별식/퓨전요리,순대전문점,한식 음식점업,명동,37.5676216,126.9798444,참맛순대국 별식 퓨전요리 순대전문점 한식 음식점업,명동%20참맛순대국,https://m.place.naver.com/restaurant/37821968,null,null,null
82322,뚜레쥬르,제과제빵떡케익,제과점,제과점업,명동,37.56678246,126.9797087,뚜레쥬르 제과제빵떡케익 제과점 제과점업,명동%20뚜레쥬르,https://m.place.naver.com/restaurant/18034702,null,null,null
82428,명동숙희,유흥주점,빠/카페/스탠드빠,일반유흥 주점업,명동,37.56355454,126.9857292,명동숙희 유흥주점 빠 카페 스탠드빠 일반유흥 주점업,명동%20명동숙희,https://m.place.naver.com/restaurant/1118332002,null,null,null
82775,사이드바이사이드,커피점/카페,커피전문점/카페/다방,비알콜 음료점업,명동,37.5664255,126.9895389,사이드바이사이드 커피점 카페 커피전문점 카페 다방 비알콜 음료점업,명동%20사이드바이사이드,https://m.place.naver.com/restaurant/1704022791,null,null,null
84246,누크,부페,종합부페,,명동,37.56229615,126.9818978,누크 부페 종합부페 ,명동%20누크,https://m.place.naver.com/restaurant/611631895,null,null,null
84547,콩뼈숯뼈감자탕,한식,한식/백반/한정식,한식 음식점업,명동,37.56463373,126.9833941,콩뼈숯뼈감자탕 한식 한식 백반 한정식 한식 음식점업,명동%20콩뼈숯뼈감자탕,https://m.place.naver.com/restaurant/1472110536,null,null,null
84957,기와집삼계탕,닭/오리요리,삼계탕전문,한식 음식점업,명동,37.56434124,126.9850054,기와집삼계탕 닭 오리요리 삼계탕전문 한식 음식점업,명동%20기와집삼계탕,https://m.place.naver.com/restaurant/1462752611,null,null,null
84982,국밥쟁이,한식,한식/백반/한정식,한식 음식점업,명동,37.56761415,126.9884022,국밥쟁이 한식 한식 백반 한정식 한식 음식점업,명동%20국밥쟁이,https://m.place.naver.com/restaurant/1839170473,null,null,null
85558,크림시크,커피점/카페,커피전문점/카페/다방,비알콜 음료점업,명동,37.5643412,126.9839527,크림시크 커피점 카페 커피전문점 카페 다방 비알콜 음료점업,명동%20크림시크,https://m.place.naver.com/restaurant/1256999271,null,null,null
86224,송추가마골더홈,한식,한식/백반/한정식,한식 음식점업,명동,37.56738787,126.9851339,송추가마골더홈 한식 한식 백반 한정식 한식 음식점업,명동%20송추가마골더홈,https://m.place.naver.com/restaurant/1258359006,null,null,null
86509,컴포즈커피,커피점/카페,커피전문점/카페/다방,비알콜 음료점업,명동,37.56155955,126.9884501,컴포즈커피 커피점 카페 커피전문점 카페 다방 비알콜 음료점업,명동%20컴포즈커피,https://m.place.naver.com/restaurant/1437890511,null,null,null
86913,카오짜이,별식/퓨전요리,동남아음식전문점,기타 외국식 음식점업,명동,37.56715194,126.9870388,카오짜이 별식 퓨전요리 동남아음식전문점 기타 외국식 음식점업,명동%20카오짜이,https://m.place.naver.com/restaurant/1259366650,null,null,null
87033,영동호프식당,분식,라면김밥분식,분식 및 김밥 전문점,명동,37.56769698,126.9907103,영동호프식당 분식 라면김밥분식 분식 및 김밥 전문점,명동%20영동호프식당,https://m.place.naver.com/restaurant/1610863166,null,null,null
87117,양밍위황먼지미판,중식,중국음식/중국집,중식 음식점업,명동,37.56313024,126.9835391,양밍위황먼지미판 중식 중국음식 중국집 중식 음식점업,명동%20양밍위황먼지미판,https://m.place.naver.com/restaurant/1333329166,null,null,null
87232,에그홀릭,한식,한식/백반/한정식,한식 음식점업,명동,37.56614114,126.9868487,에그홀릭 한식 한식 백반 한정식 한식 음식점업,명동%20에그홀릭,https://m.place.naver.com/restaurant/1048411373,null,null,null
87578,몬스터홀덤,유흥주점,호프/맥주,기타 주점업,명동,37.56767415,126.9817567,몬스터홀덤 유흥주점 호프 맥주 기타 주점업,명동%20몬스터홀덤,https://m.place.naver.com/restaurant/1392796519,null,null,null
87753,이남장,한식,한식/백반/한정식,한식 음식점업,명동,37.56553964,126.9839591,이남장 한식 한식 백반 한정식 한식 음식점업,명동%20이남장,https://m.place.naver.com/restaurant/11679393,null,null,null
87831,"잠시,휴식",커피점/카페,커피전문점/카페/다방,비알콜 음료점업,명동,37.56648318,126.9836633,"잠시,휴식 커피점 카페 커피전문점 카페 다방 비알콜 음료점업","명동%20잠시,휴식",https://m.place.naver.com/restaurant/1352956588,null,null,null
88338,뱅커스클럽바이반얀트리,한식,한식/백반/한정식,한식 음식점업,명동,37.56501173,126.9854378,뱅커스클럽바이반얀트리 한식 한식 백반 한정식 한식 음식점업,명동%20뱅커스클럽바이반얀트리,https://m.place.naver.com/restaurant/1237536249,null,null,null
88758,커피온리,커피점/카페,커피전문점/카페/다방,비알콜 음료점업,명동,37.5671398,126.9793529,커피온리 커피점 카페 커피전문점 카페 다방 비알콜 음료점업,명동%20커피온리,https://m.place.naver.com/restaurant/1825524447,null,null,null
88977,THAI,별식/퓨전요리,동남아음식전문점,기타 외국식 음식점업,명동,37.56340378,126.9828675,THAI 별식 퓨전요리 동남아음식전문점 기타 외국식 음식점업,명동%20THAI,https://m.place.naver.com/restaurant/20336576,null,null,null
89080,홀리데이인서울,양식,기타전문서양음식점,서양식 음식점업,명동,37.56155955,126.9884501,홀리데이인서울 양식 기타전문서양음식점 서양식 음식점업,명동%20홀리데이인서울,https://m.place.naver.com/restaurant/1599438297,null,null,null
89136,뜸부기황금족발,한식,족발/보쌈전문,한식 음식점업,명동,37.56682501,126.988843,뜸부기황금족발 한식 족발 보쌈전문 한식 음식점업,명동%20뜸부기황금족발,https://m.place.naver.com/restaurant/37830327,null,null,null
89229,매일더맥주,유흥주점,호프/맥주,기타 주점업,명동,37.56471871,126.9838457,매일더맥주 유흥주점 호프 맥주 기타 주점업,명동%20매일더맥주,https://m.place.naver.com/restaurant/37448239,null,null,null
89528,아트몬스터,유흥주점,호프/맥주,기타 주점업,명동,37.56051518,126.9853969,아트몬스터 유흥주점 호프 맥주 기타 주점업,명동%20아트몬스터,https://m.place.naver.com/restaurant/1042037969,null,null,null
90339,명동칼국수샤브샤브,별식/퓨전요리,샤브샤브전문,한식 음식점업,명동,37.56713039,126.9803492,명동칼국수샤브샤브 별식 퓨전요리 샤브샤브전문 한식 음식점업,명동%20명동칼국수샤브샤브,https://m.place.naver.com/restaurant/13403646,null,null,null
91120,싸다김밥,분식,라면김밥분식,분식 및 김밥 전문점,명동,37.56159633,126.9864349,싸다김밥 분식 라면김밥분식 분식 및 김밥 전문점,명동%20싸다김밥,https://m.place.naver.com/restaurant/1759221815,null,null,null
91463,국민맥주,유흥주점,호프/맥주,기타 주점업,명동,37.56783732,126.9808263,국민맥주 유흥주점 호프 맥주 기타 주점업,명동%20국민맥주,https://m.place.naver.com/restaurant/1784385667,null,null,null
92301,명동반점,중식,중국음식/중국집,중식 음식점업,명동,37.56199326,126.9885914,명동반점 중식 중국음식 중국집 중식 음식점업,명동%20명동반점,https://m.place.naver.com/restaurant/1908155562,null,null,null
93259,원당,한식,해장국/감자탕,한식 음식점업,명동,37.56440226,126.9847669,원당 한식 해장국 감자탕 한식 음식점업,명동%20원당,https://m.place.naver.com/restaurant/32241137,null,null,null
93632,다동막회,일식/수산물,횟집,한식 음식점업,명동,37.56754589,126.980468,다동막회 일식 수산물 횟집 한식 음식점업,명동%20다동막회,https://m.place.naver.com/restaurant/1261768646,null,null,null
94135,용대리황태해장국,한식,해장국/감자탕,한식 음식점업,명동,37.5664255,126.9895389,용대리황태해장국 한식 해장국 감자탕 한식 음식점업,명동%20용대리황태해장국,https://m.place.naver.com/restaurant/1716850687,null,null,null
94166,소마드로잉카페,커피점/카페,커피전문점/카페/다방,비알콜 음료점업,명동,37.56451563,126.9832825,소마드로잉카페 커피점 카페 커피전문점 카페 다방 비알콜 음료점업,명동%20소마드로잉카페,https://m.place.naver.com/restaurant/1664154056,null,null,null
94545,제주백,한식,한식/백반/한정식,한식 음식점업,명동,37.56765498,126.9805797,제주백 한식 한식 백반 한정식 한식 음식점업,명동%20제주백,https://m.place.naver.com/restaurant/1108886259,null,null,null
94955,영진마라탕,중식,중국음식/중국집,중식 음식점업,명동,37.56346085,126.9853117,영진마라탕 중식 중국음식 중국집 중식 음식점업,명동%20영진마라탕,https://m.place.naver.com/restaurant/1636151144,null,null,null
94969,스몰굿커피,커피점/카페,커피전문점/카페/다방,비알콜 음료점업,명동,37.56693685,126.9819365,스몰굿커피 커피점 카페 커피전문점 카페 다방 비알콜 음료점업,명동%20스몰굿커피,https://m.place.naver.com/restaurant/1053442348,null,null,null
95010,아재커피세종대로점,커피점/카페,커피전문점/카페/다방,비알콜 음료점업,명동,37.56910998,126.9758734,아재커피세종대로점 커피점 카페 커피전문점 카페 다방 비알콜 음료점업,명동%20아재커피세종대로점,https://m.place.naver.com/restaurant/1104359465,null,null,null
95085,명동풍천민물장어,일식/수산물,민물장어전문,한식 음식점업,명동,37.55890319,126.9834041,명동풍천민물장어 일식 수산물 민물장어전문 한식 음식점업,명동%20명동풍천민물장어,https://m.place.naver.com/restaurant/1480011629,null,null,null
95811,오군,분식,라면김밥분식,분식 및 김밥 전문점,명동,37.56769837,126.9803867,오군 분식 라면김밥분식 분식 및 김밥 전문점,명동%20오군,https://m.place.naver.com/restaurant/20888940,null,null,null
96153,몰또이탈리안에스프레소바,커피점/카페,커피전문점/카페/다방,비알콜 음료점업,명동,37.5644057,126.9862157,몰또이탈리안에스프레소바 커피점 카페 커피전문점 카페 다방 비알콜 음료점업,명동%20몰또이탈리안에스프레소바,https://m.place.naver.com/restaurant/1430587054,null,null,null
96350,디저트쓰리,커피점/카페,커피전문점/카페/다방,비알콜 음료점업,명동,37.56821344,126.9816022,디저트쓰리 커피점 카페 커피전문점 카페 다방 비알콜 음료점업,명동%20디저트쓰리,https://m.place.naver.com/restaurant/1253828309,null,null,null
96784,코코버블티,커피점/카페,커피전문점/카페/다방,비알콜 음료점업,명동,37.56462428,126.9843903,코코버블티 커피점 카페 커피전문점 카페 다방 비알콜 음료점업,명동%20코코버블티,https://m.place.naver.com/restaurant/1850542321,null,null,null
97600,매머드익스프레스청계,커피점/카페,커피전문점/카페/다방,비알콜 음료점업,명동,37.56821344,126.9816022,매머드익스프레스청계 커피점 카페 커피전문점 카페 다방 비알콜 음료점업,명동%20매머드익스프레스청계,https://m.place.naver.com/restaurant/1307598214,null,null,null
97739,김삼보김치찌개,한식,한식/백반/한정식,한식 음식점업,명동,37.56106382,126.982141,김삼보김치찌개 한식 한식 백반 한정식 한식 음식점업,명동%20김삼보김치찌개,https://m.place.naver.com/restaurant/1554063007,null,null,null
97778,어펜드커피로스터스,커피점/카페,커피전문점/카페/다방,비알콜 음료점업,명동,37.56451661,126.9833957,어펜드커피로스터스 커피점 카페 커피전문점 카페 다방 비알콜 음료점업,명동%20어펜드커피로스터스,https://m.place.naver.com/restaurant/1401476830,null,null,null
98210,루체,커피점/카페,커피전문점/카페/다방,비알콜 음료점업,명동,37.56584618,126.9787593,루체 커피점 카페 커피전문점 카페 다방 비알콜 음료점업,명동%20루체,https://m.place.naver.com/restaurant/1261041106,null,null,null
98724,장독대,한식,한식/백반/한정식,한식 음식점업,명동,37.56508772,126.9869422,장독대 한식 한식 백반 한정식 한식 음식점업,명동%20장독대,https://m.place.naver.com/restaurant/1514847140,null,null,null
99229,푸라닭,닭/오리요리,후라이드/양념치킨,치킨 전문점,명동,37.56471871,126.9838457,푸라닭 닭 오리요리 후라이드 양념치킨 치킨 전문점,명동%20푸라닭,https://m.place.naver.com/restaurant/1973976023,null,null,null
99639,광화문프렌즈,한식,한식/백반/한정식,한식 음식점업,명동,37.56900236,126.9759315,광화문프렌즈 한식 한식 백반 한정식 한식 음식점업,명동%20광화문프렌즈,https://m.place.naver.com/restaurant/1592955263,null,null,null
99883,쓰리펍,유흥주점,호프/맥주,기타 주점업,명동,37.55843021,126.9849838,쓰리펍 유흥주점 호프 맥주 기타 주점업,명동%20쓰리펍,https://m.place.naver.com/restaurant/1716296726,null,null,null
100724,리사르커피명동,커피점/카페,커피전문점/카페/다방,비알콜 음료점업,명동,37.56177364,126.9881982,리사르커피명동 커피점 카페 커피전문점 카페 다방 비알콜 음료점업,명동%20리사르커피명동,https://m.place.naver.com/restaurant/1529023045,null,null,null
100772,요꼬쪼,유흥주점,로바다야끼,일식 음식점업,명동,37.56451563,126.9832825,요꼬쪼 유흥주점 로바다야끼 일식 음식점업,명동%20요꼬쪼,https://m.place.naver.com/restaurant/1174608937,null,null,null
