,name,cate_1,cate_2,cate_3,dong,lon,lat,cate_mix,naver_keyword,naver_map_url
18,맛생맛사,한식,한식/백반/한정식,한식 음식점업,명동,37.56698417,126.98849,맛생맛사 한식 한식 백반 한정식 한식 음식점업,명동%20맛생맛사,https://m.place.naver.com/restaurant/33705879
277,한우방,한식,갈비/삼겹살,한식 음식점업,명동,37.56537708,126.983916,한우방 한식 갈비 삼겹살 한식 음식점업,명동%20한우방,https://m.place.naver.com/restaurant/1788142722
533,고려보쌈,한식,족발/보쌈전문,한식 음식점업,명동,37.56714323,126.9787076,고려보쌈 한식 족발 보쌈전문 한식 음식점업,명동%20고려보쌈,https://m.place.naver.com/restaurant/38010908
1232,명동정한정식,한식,한식/백반/한정식,한식 음식점업,명동,37.56155955,126.9884501,명동정한정식 한식 한식 백반 한정식 한식 음식점업,명동%20명동정한정식,https://m.place.naver.com/restaurant/36868623
1573,쯔루하시후게츠,일식/수산물,음식점-일식,일식 음식점업,명동,37.56282757,126.9850146,쯔루하시후게츠 일식 수산물 음식점-일식 일식 음식점업,명동%20쯔루하시후게츠,https://m.place.naver.com/restaurant/21037913
1716,림돈까스,양식,돈가스전문점,서양식 음식점업,명동,37.55672764,126.9850295,림돈까스 양식 돈가스전문점 서양식 음식점업,명동%20림돈까스,https://m.place.naver.com/restaurant/20397696
1846,KFC,닭/오리요리,후라이드/양념치킨,치킨 전문점,명동,37.5688163,126.9762963,KFC 닭 오리요리 후라이드 양념치킨 치킨 전문점,명동%20KFC,https://m.place.naver.com/restaurant/11808181
1904,리틀파파포,별식/퓨전요리,동남아음식전문점,기타 외국식 음식점업,명동,37.56686688,126.9832279,리틀파파포 별식 퓨전요리 동남아음식전문점 기타 외국식 음식점업,명동%20리틀파파포,https://m.place.naver.com/restaurant/1750372339
2054,블루노트커피,한식,한식/백반/한정식,한식 음식점업,명동,37.56610742,126.983974,블루노트커피 한식 한식 백반 한정식 한식 음식점업,명동%20블루노트커피,https://m.place.naver.com/restaurant/1413027174
2196,만게츠,유흥주점,기타일반유흥주점,일반유흥 주점업,명동,37.56449988,126.9866899,만게츠 유흥주점 기타일반유흥주점 일반유흥 주점업,명동%20만게츠,https://m.place.naver.com/restaurant/275788726
2227,오군순두부,한식,순두부전문,한식 음식점업,명동,37.56769837,126.9803867,오군순두부 한식 순두부전문 한식 음식점업,명동%20오군순두부,https://m.place.naver.com/restaurant/20888940
2245,한시락,한식,한식/백반/한정식,한식 음식점업,명동,37.56735336,126.9811272,한시락 한식 한식 백반 한정식 한식 음식점업,명동%20한시락,https://m.place.naver.com/restaurant/36561542
2546,카페,한식,한식/백반/한정식,한식 음식점업,명동,37.56199326,126.9885914,카페 한식 한식 백반 한정식 한식 음식점업,명동%20카페,https://m.place.naver.com/restaurant/1194974888
2776,스타벅스을지로입구,커피점/카페,커피전문점/카페/다방,비알콜 음료점업,명동,37.56720013,126.9832121,스타벅스을지로입구 커피점 카페 커피전문점 카페 다방 비알콜 음료점업,명동%20스타벅스을지로입구,https://m.place.naver.com/restaurant/20669049
3400,명동칼국수,분식,국수/만두/칼국수,분식 및 김밥 전문점,명동,37.55848508,126.9861262,명동칼국수 분식 국수 만두 칼국수 분식 및 김밥 전문점,명동%20명동칼국수,https://m.place.naver.com/restaurant/11592650
3431,칠칠복집,일식/수산물,복전문,한식 음식점업,명동,37.56735502,126.9813196,칠칠복집 일식 수산물 복전문 한식 음식점업,명동%20칠칠복집,https://m.place.naver.com/restaurant/19484724
3655,커피리브레,커피점/카페,커피전문점/카페/다방,비알콜 음료점업,명동,37.56366249,126.9867578,커피리브레 커피점 카페 커피전문점 카페 다방 비알콜 음료점업,명동%20커피리브레,https://m.place.naver.com/restaurant/37039367
3698,크리에이트,유흥주점,빠/카페/스탠드빠,일반유흥 주점업,명동,37.56738787,126.9851339,크리에이트 유흥주점 빠 카페 스탠드빠 일반유흥 주점업,명동%20크리에이트,https://m.place.naver.com/restaurant/32587722
4163,깡장집,한식,한식/백반/한정식,한식 음식점업,명동,37.56647389,126.9794525,깡장집 한식 한식 백반 한정식 한식 음식점업,명동%20깡장집,https://m.place.naver.com/restaurant/11680209
4227,서울고기집,한식,갈비/삼겹살,한식 음식점업,명동,37.56685391,126.9817226,서울고기집 한식 갈비 삼겹살 한식 음식점업,명동%20서울고기집,https://m.place.naver.com/restaurant/36224909
5065,쉐프가만든떡볶이,제과제빵떡케익,떡/한과집,제과점업,명동,37.56563848,126.9881233,쉐프가만든떡볶이 제과제빵떡케익 떡 한과집 제과점업,명동%20쉐프가만든떡볶이,https://m.place.naver.com/restaurant/1181083953
5702,설빙,커피점/카페,커피전문점/카페/다방,비알콜 음료점업,명동,37.56293792,126.9852735,설빙 커피점 카페 커피전문점 카페 다방 비알콜 음료점업,명동%20설빙,https://m.place.naver.com/restaurant/1621273819
5727,은&정명동닭갈비,한식,한식/백반/한정식,한식 음식점업,명동,37.56464966,126.9841976,은&정명동닭갈비 한식 한식 백반 한정식 한식 음식점업,명동%20은&정명동닭갈비,https://m.place.naver.com/restaurant/38582020
5856,투썸플레이스파인애비뉴점,커피점/카페,커피전문점/카페/다방,비알콜 음료점업,명동,37.56563848,126.9881233,투썸플레이스파인애비뉴점 커피점 카페 커피전문점 카페 다방 비알콜 음료점업,명동%20투썸플레이스파인애비뉴점,https://m.place.naver.com/restaurant/790298760
5943,김가네,분식,라면김밥분식,분식 및 김밥 전문점,명동,37.56361411,126.9853209,김가네 분식 라면김밥분식 분식 및 김밥 전문점,명동%20김가네,https://m.place.naver.com/restaurant/1477179302
6178,카페리브레,커피점/카페,커피전문점/카페/다방,비알콜 음료점업,명동,37.56366249,126.9867578,카페리브레 커피점 카페 커피전문점 카페 다방 비알콜 음료점업,명동%20카페리브레,https://m.place.naver.com/restaurant/37039367
6187,커피빈,커피점/카페,커피전문점/카페/다방,비알콜 음료점업,명동,37.5664856,126.9818521,커피빈 커피점 카페 커피전문점 카페 다방 비알콜 음료점업,명동%20커피빈,https://m.place.naver.com/restaurant/37408454
6519,루프트,한식,한식/백반/한정식,한식 음식점업,명동,37.56209818,126.9892691,루프트 한식 한식 백반 한정식 한식 음식점업,명동%20루프트,https://m.place.naver.com/restaurant/152660082
6596,김밥천국,분식,라면김밥분식,분식 및 김밥 전문점,명동,37.56054265,126.9844005,김밥천국 분식 라면김밥분식 분식 및 김밥 전문점,명동%20김밥천국,https://m.place.naver.com/restaurant/1322495660
6616,할리스,커피점/카페,커피전문점/카페/다방,비알콜 음료점업,명동,37.55970443,126.9854192,할리스 커피점 카페 커피전문점 카페 다방 비알콜 음료점업,명동%20할리스,https://m.place.naver.com/restaurant/18688122
6983,민샌드위치,패스트푸드,샌드위치전문점,"피자, 햄버거, 샌드위치 및 유사 음식점업",명동,37.56610742,126.983974,"민샌드위치 패스트푸드 샌드위치전문점 피자, 햄버거, 샌드위치 및 유사 음식점업",명동%20민샌드위치,https://m.place.naver.com/restaurant/37232470
7058,행화촌,중식,중국음식/중국집,중식 음식점업,명동,37.5621142,126.9816966,행화촌 중식 중국음식 중국집 중식 음식점업,명동%20행화촌,https://m.place.naver.com/restaurant/11727614
7068,한라담,한식,갈비/삼겹살,한식 음식점업,명동,37.56762308,126.9789728,한라담 한식 갈비 삼겹살 한식 음식점업,명동%20한라담,https://m.place.naver.com/restaurant/36720235
7136,장금이전집,유흥주점,민속주점,기타 주점업,명동,37.56175456,126.988074,장금이전집 유흥주점 민속주점 기타 주점업,명동%20장금이전집,https://m.place.naver.com/restaurant/36342862
7147,원할머니,한식,족발/보쌈전문,한식 음식점업,명동,37.56423055,126.9836599,원할머니 한식 족발 보쌈전문 한식 음식점업,명동%20원할머니,https://m.place.naver.com/restaurant/1865398925
7235,NEXTSTATION,한식,한식/백반/한정식,한식 음식점업,명동,37.56266282,126.9836699,NEXTSTATION 한식 한식 백반 한정식 한식 음식점업,명동%20NEXTSTATION,https://m.place.naver.com/restaurant/731507924
7251,버거킹,패스트푸드,패스트푸드,그외 기타 음식점업,명동,37.56739833,126.9790324,버거킹 패스트푸드 패스트푸드 그외 기타 음식점업,명동%20버거킹,https://m.place.naver.com/restaurant/1982878054
7344,맛뜨리아,한식,한식/백반/한정식,한식 음식점업,명동,37.56451654,126.9865312,맛뜨리아 한식 한식 백반 한정식 한식 음식점업,명동%20맛뜨리아,https://m.place.naver.com/restaurant/1904451557
7345,우리집맛자랑,한식,한식/백반/한정식,한식 음식점업,명동,37.55908599,126.9858011,우리집맛자랑 한식 한식 백반 한정식 한식 음식점업,명동%20우리집맛자랑,https://m.place.naver.com/restaurant/20835269
7353,김밤천국,분식,라면김밥분식,분식 및 김밥 전문점,명동,37.56108307,126.9833292,김밤천국 분식 라면김밥분식 분식 및 김밥 전문점,명동%20김밤천국,https://m.place.naver.com/restaurant/18029374
7355,카페남산,유흥주점,빠/카페/스탠드빠,일반유흥 주점업,명동,37.5570582,126.9857494,카페남산 유흥주점 빠 카페 스탠드빠 일반유흥 주점업,명동%20카페남산,https://m.place.naver.com/restaurant/1272869293
7371,파리바게뜨,제과제빵떡케익,제과점,제과점업,명동,37.56054654,126.9848532,파리바게뜨 제과제빵떡케익 제과점 제과점업,명동%20파리바게뜨,https://m.place.naver.com/restaurant/1999413846
7662,김밥일번가,분식,라면김밥분식,분식 및 김밥 전문점,명동,37.56724333,126.9829964,김밥일번가 분식 라면김밥분식 분식 및 김밥 전문점,명동%20김밥일번가,https://m.place.naver.com/restaurant/38563005
7672,이나니와요스케,유흥주점,로바다야끼,일식 음식점업,명동,37.5653724,126.9791959,이나니와요스케 유흥주점 로바다야끼 일식 음식점업,명동%20이나니와요스케,https://m.place.naver.com/restaurant/36690321
7976,베네피아,커피점/카페,커피전문점/카페/다방,비알콜 음료점업,명동,37.56614114,126.9868487,베네피아 커피점 카페 커피전문점 카페 다방 비알콜 음료점업,명동%20베네피아,https://m.place.naver.com/restaurant/1991630496
7980,딴따라오뎅,분식,라면김밥분식,분식 및 김밥 전문점,명동,37.56464966,126.9841976,딴따라오뎅 분식 라면김밥분식 분식 및 김밥 전문점,명동%20딴따라오뎅,https://m.place.naver.com/restaurant/64126550
8176,중일회관,한식,갈비/삼겹살,한식 음식점업,명동,37.56009967,126.985278,중일회관 한식 갈비 삼겹살 한식 음식점업,명동%20중일회관,https://m.place.naver.com/restaurant/21085589
8260,아리랑호두과자,제과제빵떡케익,제과점,제과점업,명동,37.56177364,126.9881982,아리랑호두과자 제과제빵떡케익 제과점 제과점업,명동%20아리랑호두과자,https://m.place.naver.com/restaurant/1444776966
8435,둘둘치킨,닭/오리요리,후라이드/양념치킨,치킨 전문점,명동,37.55991514,126.9858238,둘둘치킨 닭 오리요리 후라이드 양념치킨 치킨 전문점,명동%20둘둘치킨,https://m.place.naver.com/restaurant/11723662
8601,남도한식정든님,한식,한식/백반/한정식,한식 음식점업,명동,37.56587666,126.9864788,남도한식정든님 한식 한식 백반 한정식 한식 음식점업,명동%20남도한식정든님,https://m.place.naver.com/restaurant/37069135
8679,카페마마스,커피점/카페,커피전문점/카페/다방,비알콜 음료점업,명동,37.56738787,126.9851339,카페마마스 커피점 카페 커피전문점 카페 다방 비알콜 음료점업,명동%20카페마마스,https://m.place.naver.com/restaurant/30999918
8741,김밥천국,한식,한식/백반/한정식,한식 음식점업,명동,37.56745965,126.9830048,김밥천국 한식 한식 백반 한정식 한식 음식점업,명동%20김밥천국,https://m.place.naver.com/restaurant/1322495660
8860,주먹고기,한식,한식/백반/한정식,한식 음식점업,명동,37.56455257,126.9865307,주먹고기 한식 한식 백반 한정식 한식 음식점업,명동%20주먹고기,https://m.place.naver.com/restaurant/1751386432
8945,죠샌드위치,패스트푸드,도너츠전문,제과점업,명동,37.56019644,126.9829111,죠샌드위치 패스트푸드 도너츠전문 제과점업,명동%20죠샌드위치,https://m.place.naver.com/restaurant/1880085658
9603,빽다방을지로입구역점,커피점/카페,커피전문점/카페/다방,비알콜 음료점업,명동,37.56679211,126.9818706,빽다방을지로입구역점 커피점 카페 커피전문점 카페 다방 비알콜 음료점업,명동%20빽다방을지로입구역점,https://m.place.naver.com/restaurant/1362045608
9720,신가원설렁탕,한식,설렁탕집,한식 음식점업,명동,37.56651413,126.9799387,신가원설렁탕 한식 설렁탕집 한식 음식점업,명동%20신가원설렁탕,https://m.place.naver.com/restaurant/18004656
9773,공차명동점,커피점/카페,커피전문점/카페/다방,비알콜 음료점업,명동,37.56433647,126.9844509,공차명동점 커피점 카페 커피전문점 카페 다방 비알콜 음료점업,명동%20공차명동점,https://m.place.naver.com/restaurant/31037151
10561,고봉삼계탕,닭/오리요리,삼계탕전문,한식 음식점업,명동,37.56471871,126.9838457,고봉삼계탕 닭 오리요리 삼계탕전문 한식 음식점업,명동%20고봉삼계탕,https://m.place.naver.com/restaurant/1534784282
10675,명동간장게장해물탕,일식/수산물,해물찜/탕전문,한식 음식점업,명동,37.56526409,126.9833516,명동간장게장해물탕 일식 수산물 해물찜 탕전문 한식 음식점업,명동%20명동간장게장해물탕,https://m.place.naver.com/restaurant/37463745
10759,다동치킨골뱅이,유흥주점,호프/맥주,기타 주점업,명동,37.56685108,126.9813944,다동치킨골뱅이 유흥주점 호프 맥주 기타 주점업,명동%20다동치킨골뱅이,https://m.place.naver.com/restaurant/11663452
10778,을지황소곱창,한식,곱창/양구이전문,한식 음식점업,명동,37.56682501,126.988843,을지황소곱창 한식 곱창 양구이전문 한식 음식점업,명동%20을지황소곱창,https://m.place.naver.com/restaurant/35228622
11116,스타벅스명동중앙로,커피점/카페,커피전문점/카페/다방,비알콜 음료점업,명동,37.56376186,126.9857377,스타벅스명동중앙로 커피점 카페 커피전문점 카페 다방 비알콜 음료점업,명동%20스타벅스명동중앙로,https://m.place.naver.com/restaurant/36639957
11282,시청광장커피,커피점/카페,커피전문점/카페/다방,비알콜 음료점업,명동,37.56584618,126.9787593,시청광장커피 커피점 카페 커피전문점 카페 다방 비알콜 음료점업,명동%20시청광장커피,https://m.place.naver.com/restaurant/1825524447
11306,크리에잇쿠키,제과제빵떡케익,제과점,제과점업,명동,37.56840963,126.9782375,크리에잇쿠키 제과제빵떡케익 제과점 제과점업,명동%20크리에잇쿠키,https://m.place.naver.com/restaurant/1461508698
11428,투썸플레이스,커피점/카페,커피전문점/카페/다방,비알콜 음료점업,명동,37.56340378,126.9828675,투썸플레이스 커피점 카페 커피전문점 카페 다방 비알콜 음료점업,명동%20투썸플레이스,https://m.place.naver.com/restaurant/36948845
11694,을지로전주옥,한식,한식/백반/한정식,한식 음식점업,명동,37.56691975,126.9893851,을지로전주옥 한식 한식 백반 한정식 한식 음식점업,명동%20을지로전주옥,https://m.place.naver.com/restaurant/19347950
11944,스위트룸카페,커피점/카페,커피전문점/카페/다방,비알콜 음료점업,명동,37.56220675,126.9840723,스위트룸카페 커피점 카페 커피전문점 카페 다방 비알콜 음료점업,명동%20스위트룸카페,https://m.place.naver.com/restaurant/1277127608
11958,에딕티,커피점/카페,커피전문점/카페/다방,비알콜 음료점업,명동,37.56300625,126.9837898,에딕티 커피점 카페 커피전문점 카페 다방 비알콜 음료점업,명동%20에딕티,https://m.place.naver.com/restaurant/1355294819
12107,나,양식,기타전문서양음식점,서양식 음식점업,명동,37.56629791,126.9799417,나 양식 기타전문서양음식점 서양식 음식점업,명동%20나,https://m.place.naver.com/restaurant/11545872
12378,시청광장돈까스,양식,돈가스전문점,서양식 음식점업,명동,37.56584618,126.9787593,시청광장돈까스 양식 돈가스전문점 서양식 음식점업,명동%20시청광장돈까스,https://m.place.naver.com/restaurant/1690693054
12467,이삭토스트,패스트푸드,토스트전문,"피자, 햄버거, 샌드위치 및 유사 음식점업",명동,37.56300254,126.9854537,"이삭토스트 패스트푸드 토스트전문 피자, 햄버거, 샌드위치 및 유사 음식점업",명동%20이삭토스트,https://m.place.naver.com/restaurant/1549210088
12552,뉴욕상하이컨설팅그룹,중식,중국음식/중국집,중식 음식점업,명동,37.56761415,126.9884022,뉴욕상하이컨설팅그룹 중식 중국음식 중국집 중식 음식점업,명동%20뉴욕상하이컨설팅그룹,https://m.place.naver.com/restaurant/1610144652
12752,스타벅스,커피점/카페,커피전문점/카페/다방,비알콜 음료점업,명동,37.56686688,126.9832279,스타벅스 커피점 카페 커피전문점 카페 다방 비알콜 음료점업,명동%20스타벅스,https://m.place.naver.com/restaurant/1465848077
12881,카페드파리,커피점/카페,커피전문점/카페/다방,비알콜 음료점업,명동,37.56203961,126.9855913,카페드파리 커피점 카페 커피전문점 카페 다방 비알콜 음료점업,명동%20카페드파리,https://m.place.naver.com/restaurant/38251688
12909,타이거슈가,커피점/카페,커피전문점/카페/다방,비알콜 음료점업,명동,37.56407608,126.9845563,타이거슈가 커피점 카페 커피전문점 카페 다방 비알콜 음료점업,명동%20타이거슈가,https://m.place.naver.com/restaurant/1150268111
13007,락희옥,분식,국수/만두/칼국수,분식 및 김밥 전문점,명동,37.56841029,126.9762339,락희옥 분식 국수 만두 칼국수 분식 및 김밥 전문점,명동%20락희옥,https://m.place.naver.com/restaurant/36620601
13106,투썸플레이스,커피점/카페,커피전문점/카페/다방,비알콜 음료점업,명동,37.56125355,126.9853416,투썸플레이스 커피점 카페 커피전문점 카페 다방 비알콜 음료점업,명동%20투썸플레이스,https://m.place.naver.com/restaurant/36948845
13719,동해일식,일식/수산물,음식점-일식,일식 음식점업,명동,37.56562662,126.9794188,동해일식 일식 수산물 음식점-일식 일식 음식점업,명동%20동해일식,https://m.place.naver.com/restaurant/18687708
13751,79네수육국밥&보쌈,한식,족발/보쌈전문,한식 음식점업,명동,37.56713039,126.9803492,79네수육국밥&보쌈 한식 족발 보쌈전문 한식 음식점업,명동%2079네수육국밥&보쌈,https://m.place.naver.com/restaurant/1804940007
13936,스타벅스,커피점/카페,커피전문점/카페/다방,비알콜 음료점업,명동,37.56563319,126.9833126,스타벅스 커피점 카페 커피전문점 카페 다방 비알콜 음료점업,명동%20스타벅스,https://m.place.naver.com/restaurant/1465848077
13958,김연수해물나라,일식/수산물,해물찜/탕전문,한식 음식점업,명동,37.56785395,126.981709,김연수해물나라 일식 수산물 해물찜 탕전문 한식 음식점업,명동%20김연수해물나라,https://m.place.naver.com/restaurant/1354550725
14885,가야삼계탕,닭/오리요리,삼계탕전문,한식 음식점업,명동,37.56648865,126.9884967,가야삼계탕 닭 오리요리 삼계탕전문 한식 음식점업,명동%20가야삼계탕,https://m.place.naver.com/restaurant/11865428
15253,버드더카페,커피점/카페,커피전문점/카페/다방,비알콜 음료점업,명동,37.55911035,126.9844426,버드더카페 커피점 카페 커피전문점 카페 다방 비알콜 음료점업,명동%20버드더카페,https://m.place.naver.com/restaurant/1694673138
15440,커피한약방,커피점/카페,커피전문점/카페/다방,비알콜 음료점업,명동,37.56656151,126.9885863,커피한약방 커피점 카페 커피전문점 카페 다방 비알콜 음료점업,명동%20커피한약방,https://m.place.naver.com/restaurant/1614417324
15445,유가네닭갈비명동1호점,닭/오리요리,닭갈비전문,한식 음식점업,명동,37.5633449,126.9854491,유가네닭갈비명동1호점 닭 오리요리 닭갈비전문 한식 음식점업,명동%20유가네닭갈비명동1호점,https://m.place.naver.com/restaurant/1604034427
15465,신촌서서갈비,한식,갈비/삼겹살,한식 음식점업,명동,37.56220542,126.9902185,신촌서서갈비 한식 갈비 삼겹살 한식 음식점업,명동%20신촌서서갈비,https://m.place.naver.com/restaurant/1638553897
15541,CHAI797,중식,중국음식/중국집,중식 음식점업,명동,37.56761415,126.9884022,CHAI797 중식 중국음식 중국집 중식 음식점업,명동%20CHAI797,https://m.place.naver.com/restaurant/19819954
15758,하대포,한식,갈비/삼겹살,한식 음식점업,명동,37.56721409,126.9816951,하대포 한식 갈비 삼겹살 한식 음식점업,명동%20하대포,https://m.place.naver.com/restaurant/37021034
15863,코드쿠키,커피점/카페,커피전문점/카페/다방,비알콜 음료점업,명동,37.56656218,126.9886655,코드쿠키 커피점 카페 커피전문점 카페 다방 비알콜 음료점업,명동%20코드쿠키,https://m.place.naver.com/restaurant/1893242210
15873,스무디킹,커피점/카페,생과일주스전문점,비알콜 음료점업,명동,37.56144059,126.9892893,스무디킹 커피점 카페 생과일주스전문점 비알콜 음료점업,명동%20스무디킹,https://m.place.naver.com/restaurant/1326852694
15930,할리스커피,커피점/카페,커피전문점/카페/다방,비알콜 음료점업,명동,37.56836345,126.9822794,할리스커피 커피점 카페 커피전문점 카페 다방 비알콜 음료점업,명동%20할리스커피,https://m.place.naver.com/restaurant/33811405
16090,던카페,커피점/카페,커피전문점/카페/다방,비알콜 음료점업,명동,37.56360613,126.9843929,던카페 커피점 카페 커피전문점 카페 다방 비알콜 음료점업,명동%20던카페,https://m.place.naver.com/restaurant/1189692512
16390,BISTRO수방J,양식,기타전문서양음식점,서양식 음식점업,명동,37.5643412,126.9839527,BISTRO수방J 양식 기타전문서양음식점 서양식 음식점업,명동%20BISTRO수방J,https://m.place.naver.com/restaurant/1803258950
16572,리틀하노이,별식/퓨전요리,동남아음식전문점,기타 외국식 음식점업,명동,37.56351617,126.9854581,리틀하노이 별식 퓨전요리 동남아음식전문점 기타 외국식 음식점업,명동%20리틀하노이,https://m.place.naver.com/restaurant/11698311
16622,스타벅스,커피점/카페,커피전문점/카페/다방,비알콜 음료점업,명동,37.56762308,126.9789728,스타벅스 커피점 카페 커피전문점 카페 다방 비알콜 음료점업,명동%20스타벅스,https://m.place.naver.com/restaurant/1465848077
16725,쿠차라,양식,기타전문서양음식점,서양식 음식점업,명동,37.56840963,126.9782375,쿠차라 양식 기타전문서양음식점 서양식 음식점업,명동%20쿠차라,https://m.place.naver.com/restaurant/1162159175
16773,육쌈냉면,한식,냉면집,한식 음식점업,명동,37.5631841,126.9835157,육쌈냉면 한식 냉면집 한식 음식점업,명동%20육쌈냉면,https://m.place.naver.com/restaurant/33253846
17024,이디야커피,커피점/카페,커피전문점/카페/다방,비알콜 음료점업,명동,37.56648097,126.9865498,이디야커피 커피점 카페 커피전문점 카페 다방 비알콜 음료점업,명동%20이디야커피,https://m.place.naver.com/restaurant/1329675711
17028,숙이네분식,분식,라면김밥분식,분식 및 김밥 전문점,명동,37.56741517,126.9778549,숙이네분식 분식 라면김밥분식 분식 및 김밥 전문점,명동%20숙이네분식,https://m.place.naver.com/restaurant/1956988601
17107,비꼴로,양식,스파게티전문점,서양식 음식점업,명동,37.56351617,126.9854581,비꼴로 양식 스파게티전문점 서양식 음식점업,명동%20비꼴로,https://m.place.naver.com/restaurant/31949211
17296,맥도날드,패스트푸드,패스트푸드,그외 기타 음식점업,명동,37.56416598,126.9845324,맥도날드 패스트푸드 패스트푸드 그외 기타 음식점업,명동%20맥도날드,https://m.place.naver.com/restaurant/18688435
17370,대독장,한식,한식/백반/한정식,한식 음식점업,명동,37.56713039,126.9803492,대독장 한식 한식 백반 한정식 한식 음식점업,명동%20대독장,https://m.place.naver.com/restaurant/1853816448
17432,동원참치브이아이피,일식/수산물,참치전문점,일식 음식점업,명동,37.56743404,126.9842164,동원참치브이아이피 일식 수산물 참치전문점 일식 음식점업,명동%20동원참치브이아이피,https://m.place.naver.com/restaurant/1983489959
17742,뚱뚱이족발,한식,족발/보쌈전문,한식 음식점업,명동,37.55980664,126.98578,뚱뚱이족발 한식 족발 보쌈전문 한식 음식점업,명동%20뚱뚱이족발,https://m.place.naver.com/restaurant/11711082
17743,카페IMT,커피점/카페,커피전문점/카페/다방,비알콜 음료점업,명동,37.56683973,126.988458,카페IMT 커피점 카페 커피전문점 카페 다방 비알콜 음료점업,명동%20카페IMT,https://m.place.naver.com/restaurant/37220584
18099,코인,양식,정통양식/경양식,서양식 음식점업,명동,37.56505479,126.9841581,코인 양식 정통양식 경양식 서양식 음식점업,명동%20코인,https://m.place.naver.com/restaurant/31575946
18611,베르자뎅,부페,종합부페,,명동,37.56437547,126.9858426,베르자뎅 부페 종합부페 ,명동%20베르자뎅,https://m.place.naver.com/restaurant/21037859
18670,하나은행,한식,한식/백반/한정식,한식 음식점업,명동,37.56514308,126.9849946,하나은행 한식 한식 백반 한정식 한식 음식점업,명동%20하나은행,https://m.place.naver.com/restaurant/12110999
18806,배스킨라빈스31,패스트푸드,아이스크림판매,제과점업,명동,37.56881486,126.9782094,배스킨라빈스31 패스트푸드 아이스크림판매 제과점업,명동%20배스킨라빈스31,https://m.place.naver.com/restaurant/30824668
19141,상우,한식,한식/백반/한정식,한식 음식점업,명동,37.56660558,126.9884725,상우 한식 한식 백반 한정식 한식 음식점업,명동%20상우,https://m.place.naver.com/restaurant/1815441175
19228,KEB하나은행,기타음식업,구내식당/자급식음식점,기관구내식당업,명동,37.56514308,126.9849946,KEB하나은행 기타음식업 구내식당 자급식음식점 기관구내식당업,명동%20KEB하나은행,https://m.place.naver.com/restaurant/12110999
19354,포엠,양식,정통양식/경양식,서양식 음식점업,명동,37.56311397,126.983743,포엠 양식 정통양식 경양식 서양식 음식점업,명동%20포엠,https://m.place.naver.com/restaurant/19923805
19439,골목집,한식,한식/백반/한정식,한식 음식점업,명동,37.56422285,126.9848599,골목집 한식 한식 백반 한정식 한식 음식점업,명동%20골목집,https://m.place.naver.com/restaurant/19872958
19460,동원브이아이피참치,일식/수산물,참치전문점,일식 음식점업,명동,37.5679764,126.9781529,동원브이아이피참치 일식 수산물 참치전문점 일식 음식점업,명동%20동원브이아이피참치,https://m.place.naver.com/restaurant/1983489959
19494,파리바게뜨,제과제빵떡케익,제과점,제과점업,명동,37.56647828,126.9810033,파리바게뜨 제과제빵떡케익 제과점 제과점업,명동%20파리바게뜨,https://m.place.naver.com/restaurant/1999413846
19565,원주추어탕,한식,추어탕전문,한식 음식점업,명동,37.56744671,126.9783752,원주추어탕 한식 추어탕전문 한식 음식점업,명동%20원주추어탕,https://m.place.naver.com/restaurant/36905488
19597,순남시래기,한식,한식/백반/한정식,한식 음식점업,명동,37.56188987,126.9838955,순남시래기 한식 한식 백반 한정식 한식 음식점업,명동%20순남시래기,https://m.place.naver.com/restaurant/36831343
19631,바구트,한식,한식/백반/한정식,한식 음식점업,명동,37.56481173,126.9841841,바구트 한식 한식 백반 한정식 한식 음식점업,명동%20바구트,https://m.place.naver.com/restaurant/1054652765
19860,HotelDouce오뗄두스,유흥주점,빠/카페/스탠드빠,일반유흥 주점업,명동,37.56840963,126.9782375,HotelDouce오뗄두스 유흥주점 빠 카페 스탠드빠 일반유흥 주점업,명동%20HotelDouce오뗄두스,https://m.place.naver.com/restaurant/31564561
20183,라화쿵부,양식,정통양식/경양식,서양식 음식점업,명동,37.56225515,126.9855091,라화쿵부 양식 정통양식 경양식 서양식 음식점업,명동%20라화쿵부,https://m.place.naver.com/restaurant/629293540
20269,웰빙마을정육식당명동,한식,갈비/삼겹살,한식 음식점업,명동,37.56481173,126.9841841,웰빙마을정육식당명동 한식 갈비 삼겹살 한식 음식점업,명동%20웰빙마을정육식당명동,https://m.place.naver.com/restaurant/11604425
20510,스타벅스,커피점/카페,커피전문점/카페/다방,비알콜 음료점업,명동,37.56741517,126.9778549,스타벅스 커피점 카페 커피전문점 카페 다방 비알콜 음료점업,명동%20스타벅스,https://m.place.naver.com/restaurant/1465848077
20539,페나비,커피점/카페,커피전문점/카페/다방,비알콜 음료점업,명동,37.55858341,126.9860343,페나비 커피점 카페 커피전문점 카페 다방 비알콜 음료점업,명동%20페나비,https://m.place.naver.com/restaurant/206417241
20687,본죽,별식/퓨전요리,죽전문점,한식 음식점업,명동,37.56487708,126.9834021,본죽 별식 퓨전요리 죽전문점 한식 음식점업,명동%20본죽,https://m.place.naver.com/restaurant/11727079
21243,1982,분식,라면김밥분식,분식 및 김밥 전문점,명동,37.56610742,126.983974,1982 분식 라면김밥분식 분식 및 김밥 전문점,명동%201982,https://m.place.naver.com/restaurant/35386846
21245,남산짬뽕,중식,중국음식/중국집,중식 음식점업,명동,37.55729458,126.9859952,남산짬뽕 중식 중국음식 중국집 중식 음식점업,명동%20남산짬뽕,https://m.place.naver.com/restaurant/13311601
21646,동해,일식/수산물,음식점-일식,일식 음식점업,명동,37.56733037,126.9795088,동해 일식 수산물 음식점-일식 일식 음식점업,명동%20동해,https://m.place.naver.com/restaurant/18687708
21692,곰국시집,분식,라면김밥분식,분식 및 김밥 전문점,명동,37.56305776,126.9855888,곰국시집 분식 라면김밥분식 분식 및 김밥 전문점,명동%20곰국시집,https://m.place.naver.com/restaurant/11707094
21831,발모아왕족발보쌈,한식,족발/보쌈전문,한식 음식점업,명동,37.559492,126.9858635,발모아왕족발보쌈 한식 족발 보쌈전문 한식 음식점업,명동%20발모아왕족발보쌈,https://m.place.naver.com/restaurant/18040720
21846,OB타임,유흥주점,호프/맥주,기타 주점업,명동,37.56015412,126.9853226,OB타임 유흥주점 호프 맥주 기타 주점업,명동%20OB타임,https://m.place.naver.com/restaurant/32241299
22055,맘스터치,한식,한식/백반/한정식,한식 음식점업,명동,37.5670407,126.9793542,맘스터치 한식 한식 백반 한정식 한식 음식점업,명동%20맘스터치,https://m.place.naver.com/restaurant/1782972866
22455,림왕돈까스,양식,돈가스전문점,서양식 음식점업,명동,37.55672764,126.9850295,림왕돈까스 양식 돈가스전문점 서양식 음식점업,명동%20림왕돈까스,https://m.place.naver.com/restaurant/20397696
22541,매드포갈릭,양식,패밀리레스토랑,서양식 음식점업,명동,37.56694744,126.9842117,매드포갈릭 양식 패밀리레스토랑 서양식 음식점업,명동%20매드포갈릭,https://m.place.naver.com/restaurant/1935876652
22651,금산제면소,한식,한식/백반/한정식,한식 음식점업,명동,37.55861752,126.9837136,금산제면소 한식 한식 백반 한정식 한식 음식점업,명동%20금산제면소,https://m.place.naver.com/restaurant/278745744
22679,을지삼계탕,닭/오리요리,삼계탕전문,한식 음식점업,명동,37.56643034,126.9890521,을지삼계탕 닭 오리요리 삼계탕전문 한식 음식점업,명동%20을지삼계탕,https://m.place.naver.com/restaurant/37889679
23172,조개와,일식/수산물,조개구이전문,한식 음식점업,명동,37.56455966,126.9842101,조개와 일식 수산물 조개구이전문 한식 음식점업,명동%20조개와,https://m.place.naver.com/restaurant/37677485
23217,아리스타커피,커피점/카페,커피전문점/카페/다방,비알콜 음료점업,명동,37.56266471,126.9901896,아리스타커피 커피점 카페 커피전문점 카페 다방 비알콜 음료점업,명동%20아리스타커피,https://m.place.naver.com/restaurant/21064635
23533,최고집숯불닭갈비,닭/오리요리,닭갈비전문,한식 음식점업,명동,37.56290982,126.9851494,최고집숯불닭갈비 닭 오리요리 닭갈비전문 한식 음식점업,명동%20최고집숯불닭갈비,https://m.place.naver.com/restaurant/1337313023
23844,남산토리,한식,한식/백반/한정식,한식 음식점업,명동,37.55930163,126.9857303,남산토리 한식 한식 백반 한정식 한식 음식점업,명동%20남산토리,https://m.place.naver.com/restaurant/1364734844
23863,제임스치즈등갈비,한식,갈비/삼겹살,한식 음식점업,명동,37.5633449,126.9854491,제임스치즈등갈비 한식 갈비 삼겹살 한식 음식점업,명동%20제임스치즈등갈비,https://m.place.naver.com/restaurant/35657547
23924,부산오뎅,유흥주점,소주방/포장마차,기타 주점업,명동,37.56199326,126.9885914,부산오뎅 유흥주점 소주방 포장마차 기타 주점업,명동%20부산오뎅,https://m.place.naver.com/restaurant/19873272
24455,모리닐로,양식,정통양식/경양식,서양식 음식점업,명동,37.56694744,126.9842117,모리닐로 양식 정통양식 경양식 서양식 음식점업,명동%20모리닐로,https://m.place.naver.com/restaurant/1200876684
24931,센터커피,커피점/카페,커피전문점/카페/다방,비알콜 음료점업,명동,37.56471795,126.986902,센터커피 커피점 카페 커피전문점 카페 다방 비알콜 음료점업,명동%20센터커피,https://m.place.naver.com/restaurant/37749845
24988,보나비아티제,커피점/카페,커피전문점/카페/다방,비알콜 음료점업,명동,37.56647828,126.9810033,보나비아티제 커피점 카페 커피전문점 카페 다방 비알콜 음료점업,명동%20보나비아티제,https://m.place.naver.com/restaurant/19748343
25536,파리바게뜨,제과제빵떡케익,제과점,제과점업,명동,37.56398735,126.9847159,파리바게뜨 제과제빵떡케익 제과점 제과점업,명동%20파리바게뜨,https://m.place.naver.com/restaurant/1999413846
25826,을지로골뱅이,일식/수산물,수산물전문음식점-종합,한식 음식점업,명동,37.5656927,126.9839457,을지로골뱅이 일식 수산물 수산물전문음식점-종합 한식 음식점업,명동%20을지로골뱅이,https://m.place.naver.com/restaurant/13475829
25973,스타벅스,커피점/카페,커피전문점/카페/다방,비알콜 음료점업,명동,37.56697542,126.9822303,스타벅스 커피점 카페 커피전문점 카페 다방 비알콜 음료점업,명동%20스타벅스,https://m.place.naver.com/restaurant/1465848077
26023,찜.안동찜닭,한식,한식/백반/한정식,한식 음식점업,명동,37.56366807,126.9853089,찜.안동찜닭 한식 한식 백반 한정식 한식 음식점업,명동%20찜.안동찜닭,https://m.place.naver.com/restaurant/37411517
26127,바오차이,중식,중국음식/중국집,중식 음식점업,명동,37.56603943,126.9823563,바오차이 중식 중국음식 중국집 중식 음식점업,명동%20바오차이,https://m.place.naver.com/restaurant/34744446
26325,김밥천국,분식,라면김밥분식,분식 및 김밥 전문점,명동,37.56054314,126.9844571,김밥천국 분식 라면김밥분식 분식 및 김밥 전문점,명동%20김밥천국,https://m.place.naver.com/restaurant/1322495660
26493,챠이797,중식,중국음식/중국집,중식 음식점업,명동,37.56738787,126.9851339,챠이797 중식 중국음식 중국집 중식 음식점업,명동%20챠이797,https://m.place.naver.com/restaurant/19819954
26619,명동영양센터,닭/오리요리,삼계탕전문,한식 음식점업,명동,37.56109913,126.9831026,명동영양센터 닭 오리요리 삼계탕전문 한식 음식점업,명동%20명동영양센터,https://m.place.naver.com/restaurant/13435946
26997,스시한판,일식/수산물,음식점-초밥전문,일식 음식점업,명동,37.56300254,126.9854537,스시한판 일식 수산물 음식점-초밥전문 일식 음식점업,명동%20스시한판,https://m.place.naver.com/restaurant/197985931
27158,보물섬,유흥주점,룸살롱/단란주점,일반유흥 주점업,명동,37.56809587,126.9794644,보물섬 유흥주점 룸살롱 단란주점 일반유흥 주점업,명동%20보물섬,https://m.place.naver.com/restaurant/11687856
27645,무교김밥,분식,라면김밥분식,분식 및 김밥 전문점,명동,37.56809587,126.9794644,무교김밥 분식 라면김밥분식 분식 및 김밥 전문점,명동%20무교김밥,https://m.place.naver.com/restaurant/289580987
27799,신라원삼계탕,닭/오리요리,삼계탕전문,한식 음식점업,명동,37.56648865,126.9884967,신라원삼계탕 닭 오리요리 삼계탕전문 한식 음식점업,명동%20신라원삼계탕,https://m.place.naver.com/restaurant/11865428
27827,내가찜한닭,닭/오리요리,찜닭전문점,한식 음식점업,명동,37.56316784,126.9837197,내가찜한닭 닭 오리요리 찜닭전문점 한식 음식점업,명동%20내가찜한닭,https://m.place.naver.com/restaurant/37803897
27833,투썸플레이스,커피점/카페,커피전문점/카페/다방,비알콜 음료점업,명동,37.5688163,126.9762963,투썸플레이스 커피점 카페 커피전문점 카페 다방 비알콜 음료점업,명동%20투썸플레이스,https://m.place.naver.com/restaurant/36948845
27921,명동커피하우스,커피점/카페,커피전문점/카페/다방,비알콜 음료점업,명동,37.5633449,126.9854491,명동커피하우스 커피점 카페 커피전문점 카페 다방 비알콜 음료점업,명동%20명동커피하우스,https://m.place.naver.com/restaurant/1270746418
27972,라온,한식,기타고기요리,한식 음식점업,명동,37.56168237,126.987011,라온 한식 기타고기요리 한식 음식점업,명동%20라온,https://m.place.naver.com/restaurant/1377449381
28438,요기,분식,라면김밥분식,분식 및 김밥 전문점,명동,37.56900236,126.9759315,요기 분식 라면김밥분식 분식 및 김밥 전문점,명동%20요기,https://m.place.naver.com/restaurant/1329581446
28743,난다,커피점/카페,커피전문점/카페/다방,비알콜 음료점업,명동,37.56191976,126.985276,난다 커피점 카페 커피전문점 카페 다방 비알콜 음료점업,명동%20난다,https://m.place.naver.com/restaurant/20378898
29209,다미돈까스,양식,돈가스전문점,서양식 음식점업,명동,37.56063738,126.9870365,다미돈까스 양식 돈가스전문점 서양식 음식점업,명동%20다미돈까스,https://m.place.naver.com/restaurant/419944454
29666,오징어풍경,한식,한식/백반/한정식,한식 음식점업,명동,37.56809782,126.9796907,오징어풍경 한식 한식 백반 한정식 한식 음식점업,명동%20오징어풍경,https://m.place.naver.com/restaurant/37838271
29901,마포만두,분식,국수/만두/칼국수,분식 및 김밥 전문점,명동,37.56680753,126.9794819,마포만두 분식 국수 만두 칼국수 분식 및 김밥 전문점,명동%20마포만두,https://m.place.naver.com/restaurant/31894752
30044,스타벅스명동입구점,커피점/카페,커피전문점/카페/다방,비알콜 음료점업,명동,37.56322733,126.9822587,스타벅스명동입구점 커피점 카페 커피전문점 카페 다방 비알콜 음료점업,명동%20스타벅스명동입구점,https://m.place.naver.com/restaurant/31317961
30249,멧돌로만,한식,두부요리전문,한식 음식점업,명동,37.56766909,126.9801267,멧돌로만 한식 두부요리전문 한식 음식점업,명동%20멧돌로만,https://m.place.naver.com/restaurant/1774354080
30553,할리스커피,커피점/카페,커피전문점/카페/다방,비알콜 음료점업,명동,37.56475095,126.9834038,할리스커피 커피점 카페 커피전문점 카페 다방 비알콜 음료점업,명동%20할리스커피,https://m.place.naver.com/restaurant/33811405
30607,더식당,한식,한식/백반/한정식,한식 음식점업,명동,37.56614114,126.9868487,더식당 한식 한식 백반 한정식 한식 음식점업,명동%20더식당,https://m.place.naver.com/restaurant/37036817
30703,목멱산방,한식,한식/백반/한정식,한식 음식점업,명동,37.55810399,126.986867,목멱산방 한식 한식 백반 한정식 한식 음식점업,명동%20목멱산방,https://m.place.naver.com/restaurant/13573290
31168,천궁전마라탕,중식,중국음식/중국집,중식 음식점업,명동,37.56737857,126.9830059,천궁전마라탕 중식 중국음식 중국집 중식 음식점업,명동%20천궁전마라탕,https://m.place.naver.com/restaurant/1368390925
31568,윤식당,한식,한식/백반/한정식,한식 음식점업,명동,37.56171551,126.9877236,윤식당 한식 한식 백반 한정식 한식 음식점업,명동%20윤식당,https://m.place.naver.com/restaurant/1600478402
31601,아그라,일식/수산물,음식점-일식,일식 음식점업,명동,37.56762308,126.9789728,아그라 일식 수산물 음식점-일식 일식 음식점업,명동%20아그라,https://m.place.naver.com/restaurant/19891208
32138,반티엔야오카오위,중식,중국음식/중국집,중식 음식점업,명동,37.5643412,126.9839527,반티엔야오카오위 중식 중국음식 중국집 중식 음식점업,명동%20반티엔야오카오위,https://m.place.naver.com/restaurant/1206900466
32225,스타벅스,커피점/카페,커피전문점/카페/다방,비알콜 음료점업,명동,37.56074044,126.9864465,스타벅스 커피점 카페 커피전문점 카페 다방 비알콜 음료점업,명동%20스타벅스,https://m.place.naver.com/restaurant/1465848077
32265,바오차이,중식,중국음식/중국집,중식 음식점업,명동,37.56563848,126.9881233,바오차이 중식 중국음식 중국집 중식 음식점업,명동%20바오차이,https://m.place.naver.com/restaurant/34744446
32600,연타발,한식,한식/백반/한정식,한식 음식점업,명동,37.56712802,126.9811189,연타발 한식 한식 백반 한정식 한식 음식점업,명동%20연타발,https://m.place.naver.com/restaurant/1585002061
32775,마포설렁탕,한식,설렁탕집,한식 음식점업,명동,37.55984347,126.9837761,마포설렁탕 한식 설렁탕집 한식 음식점업,명동%20마포설렁탕,https://m.place.naver.com/restaurant/20854094
32813,타이가든,별식/퓨전요리,동남아음식전문점,기타 외국식 음식점업,명동,37.56340378,126.9828675,타이가든 별식 퓨전요리 동남아음식전문점 기타 외국식 음식점업,명동%20타이가든,https://m.place.naver.com/restaurant/35916466
32996,지구당,일식/수산물,음식점-일식,일식 음식점업,명동,37.56738787,126.9851339,지구당 일식 수산물 음식점-일식 일식 음식점업,명동%20지구당,https://m.place.naver.com/restaurant/1829342293
33033,무교삼계탕,닭/오리요리,삼계탕전문,한식 음식점업,명동,37.56766909,126.9801267,무교삼계탕 닭 오리요리 삼계탕전문 한식 음식점업,명동%20무교삼계탕,https://m.place.naver.com/restaurant/1022092500
33149,샵디씨씨,커피점/카페,커피전문점/카페/다방,비알콜 음료점업,명동,37.55830616,126.9862757,샵디씨씨 커피점 카페 커피전문점 카페 다방 비알콜 음료점업,명동%20샵디씨씨,https://m.place.naver.com/restaurant/1418720959
33546,남산커피집,커피점/카페,커피전문점/카페/다방,비알콜 음료점업,명동,37.55776938,126.9867244,남산커피집 커피점 카페 커피전문점 카페 다방 비알콜 음료점업,명동%20남산커피집,https://m.place.naver.com/restaurant/18694343
33666,명동포차,유흥주점,소주방/포장마차,기타 주점업,명동,37.56471871,126.9838457,명동포차 유흥주점 소주방 포장마차 기타 주점업,명동%20명동포차,https://m.place.naver.com/restaurant/1387838784
33693,백미당,커피점/카페,커피전문점/카페/다방,비알콜 음료점업,명동,37.56712802,126.9811189,백미당 커피점 카페 커피전문점 카페 다방 비알콜 음료점업,명동%20백미당,https://m.place.naver.com/restaurant/1652689768
33731,투썸플레이스,커피점/카페,커피전문점/카페/다방,비알콜 음료점업,명동,37.56849471,126.9807834,투썸플레이스 커피점 카페 커피전문점 카페 다방 비알콜 음료점업,명동%20투썸플레이스,https://m.place.naver.com/restaurant/36948845
33732,샤갈,양식,정통양식/경양식,서양식 음식점업,명동,37.56841029,126.9762339,샤갈 양식 정통양식 경양식 서양식 음식점업,명동%20샤갈,https://m.place.naver.com/restaurant/1633086289
33779,무교동유정낙지,한식,한식/백반/한정식,한식 음식점업,명동,37.56762461,126.9760296,무교동유정낙지 한식 한식 백반 한정식 한식 음식점업,명동%20무교동유정낙지,https://m.place.naver.com/restaurant/1140930000
34533,고베샤브센터원,일식/수산물,음식점-일식,일식 음식점업,명동,37.56738787,126.9851339,고베샤브센터원 일식 수산물 음식점-일식 일식 음식점업,명동%20고베샤브센터원,https://m.place.naver.com/restaurant/1326878687
34637,유천냉면,한식,냉면집,한식 음식점업,명동,37.56451661,126.9833957,유천냉면 한식 냉면집 한식 음식점업,명동%20유천냉면,https://m.place.naver.com/restaurant/1102404002
34737,Welcome,커피점/카페,커피전문점/카페/다방,비알콜 음료점업,명동,37.55820406,126.9838324,Welcome 커피점 카페 커피전문점 카페 다방 비알콜 음료점업,명동%20Welcome,https://m.place.naver.com/restaurant/34937404
34762,카페,한식,한식/백반/한정식,한식 음식점업,명동,37.56139358,126.9869583,카페 한식 한식 백반 한정식 한식 음식점업,명동%20카페,https://m.place.naver.com/restaurant/1194974888
34846,AnnaFlair,커피점/카페,커피전문점/카페/다방,비알콜 음료점업,명동,37.56216531,126.9844916,AnnaFlair 커피점 카페 커피전문점 카페 다방 비알콜 음료점업,명동%20AnnaFlair,https://m.place.naver.com/restaurant/1585059151
35041,미정갈비,한식,갈비/삼겹살,한식 음식점업,명동,37.56682821,126.9892166,미정갈비 한식 갈비 삼겹살 한식 음식점업,명동%20미정갈비,https://m.place.naver.com/restaurant/18010360
35435,채움,분식,라면김밥분식,분식 및 김밥 전문점,명동,37.55943667,126.9857171,채움 분식 라면김밥분식 분식 및 김밥 전문점,명동%20채움,https://m.place.naver.com/restaurant/1397917363
35732,밥엔초밥구이,일식/수산물,음식점-초밥전문,일식 음식점업,명동,37.56563848,126.9881233,밥엔초밥구이 일식 수산물 음식점-초밥전문 일식 음식점업,명동%20밥엔초밥구이,https://m.place.naver.com/restaurant/1328798364
37030,수가,한식,한식/백반/한정식,한식 음식점업,명동,37.56169526,126.9874636,수가 한식 한식 백반 한정식 한식 음식점업,명동%20수가,https://m.place.naver.com/restaurant/31841033
37066,이화수전통육개장,한식,한식/백반/한정식,한식 음식점업,명동,37.56766909,126.9801267,이화수전통육개장 한식 한식 백반 한정식 한식 음식점업,명동%20이화수전통육개장,https://m.place.naver.com/restaurant/37171403
37291,커피빈,커피점/카페,커피전문점/카페/다방,비알콜 음료점업,명동,37.56779685,126.9844944,커피빈 커피점 카페 커피전문점 카페 다방 비알콜 음료점업,명동%20커피빈,https://m.place.naver.com/restaurant/37408454
37375,기원,한식,한식/백반/한정식,한식 음식점업,명동,37.56685775,126.9884577,기원 한식 한식 백반 한정식 한식 음식점업,명동%20기원,https://m.place.naver.com/restaurant/1398124243
37476,아이러브펍,유흥주점,호프/맥주,기타 주점업,명동,37.56821344,126.9816022,아이러브펍 유흥주점 호프 맥주 기타 주점업,명동%20아이러브펍,https://m.place.naver.com/restaurant/18002101
37691,도록,한식,한식/백반/한정식,한식 음식점업,명동,37.5664255,126.9895389,도록 한식 한식 백반 한정식 한식 음식점업,명동%20도록,https://m.place.naver.com/restaurant/1021535883
37824,이화수전통육개장,한식,한식/백반/한정식,한식 음식점업,명동,37.567064,126.9893945,이화수전통육개장 한식 한식 백반 한정식 한식 음식점업,명동%20이화수전통육개장,https://m.place.naver.com/restaurant/37171403
37844,1988coffee종로점,커피점/카페,커피전문점/카페/다방,비알콜 음료점업,명동,37.56683973,126.988458,1988coffee종로점 커피점 카페 커피전문점 카페 다방 비알콜 음료점업,명동%201988coffee종로점,https://m.place.naver.com/restaurant/1068678117
37852,육대장,한식,해장국/감자탕,한식 음식점업,명동,37.56714323,126.9787076,육대장 한식 해장국 감자탕 한식 음식점업,명동%20육대장,https://m.place.naver.com/restaurant/36849960
38032,길면분식,분식,라면김밥분식,분식 및 김밥 전문점,명동,37.56821344,126.9816022,길면분식 분식 라면김밥분식 분식 및 김밥 전문점,명동%20길면분식,https://m.place.naver.com/restaurant/38644110
38188,정림회관,한식,한식/백반/한정식,한식 음식점업,명동,37.56167171,126.9868187,정림회관 한식 한식 백반 한정식 한식 음식점업,명동%20정림회관,https://m.place.naver.com/restaurant/1055017945
38320,뚜레쥬르명동역점,제과제빵떡케익,제과점,제과점업,명동,37.56116968,126.9860672,뚜레쥬르명동역점 제과제빵떡케익 제과점 제과점업,명동%20뚜레쥬르명동역점,https://m.place.naver.com/restaurant/18034702
38577,명동참숯92닭갈비,한식,한식/백반/한정식,한식 음식점업,명동,37.56471871,126.9838457,명동참숯92닭갈비 한식 한식 백반 한정식 한식 음식점업,명동%20명동참숯92닭갈비,https://m.place.naver.com/restaurant/704600111
38620,모노치즈,기타음식업,고속도로휴게소,그외 기타 음식점업,명동,37.56610742,126.983974,모노치즈 기타음식업 고속도로휴게소 그외 기타 음식점업,명동%20모노치즈,https://m.place.naver.com/restaurant/1072629916
39249,명동피자,패스트푸드,피자전문,"피자, 햄버거, 샌드위치 및 유사 음식점업",명동,37.56205085,126.9858515,"명동피자 패스트푸드 피자전문 피자, 햄버거, 샌드위치 및 유사 음식점업",명동%20명동피자,https://m.place.naver.com/restaurant/32247873
39287,곰국시,분식,국수/만두/칼국수,분식 및 김밥 전문점,명동,37.56305776,126.9855888,곰국시 분식 국수 만두 칼국수 분식 및 김밥 전문점,명동%20곰국시,https://m.place.naver.com/restaurant/1653576382
39335,섬,한식,한식/백반/한정식,한식 음식점업,명동,37.55908599,126.9858011,섬 한식 한식 백반 한정식 한식 음식점업,명동%20섬,https://m.place.naver.com/restaurant/38643475
39619,코코이찌방야,일식/수산물,음식점-일식,일식 음식점업,명동,37.56761415,126.9884022,코코이찌방야 일식 수산물 음식점-일식 일식 음식점업,명동%20코코이찌방야,https://m.place.naver.com/restaurant/1790338295
39745,부지,한식,한식/백반/한정식,한식 음식점업,명동,37.56663339,126.9885626,부지 한식 한식 백반 한정식 한식 음식점업,명동%20부지,https://m.place.naver.com/restaurant/1908281897
40483,이화카페,한식,한식/백반/한정식,한식 음식점업,명동,37.56374321,126.9877641,이화카페 한식 한식 백반 한정식 한식 음식점업,명동%20이화카페,https://m.place.naver.com/restaurant/1437890511
40953,오늘의식당,한식,한식/백반/한정식,한식 음식점업,명동,37.56777784,126.9822873,오늘의식당 한식 한식 백반 한정식 한식 음식점업,명동%20오늘의식당,https://m.place.naver.com/restaurant/1680171598
41061,우스시게,일식/수산물,음식점-일식,일식 음식점업,명동,37.56614114,126.9868487,우스시게 일식 수산물 음식점-일식 일식 음식점업,명동%20우스시게,https://m.place.naver.com/restaurant/35966112
41273,원조남산돈까스,양식,돈가스전문점,서양식 음식점업,명동,37.55729458,126.9859952,원조남산돈까스 양식 돈가스전문점 서양식 음식점업,명동%20원조남산돈까스,https://m.place.naver.com/restaurant/20938292
41767,명동뚱뚱이족발,한식,족발/보쌈전문,한식 음식점업,명동,37.55980664,126.98578,명동뚱뚱이족발 한식 족발 보쌈전문 한식 음식점업,명동%20명동뚱뚱이족발,https://m.place.naver.com/restaurant/11711082
41789,흑산도홍어본가,일식/수산물,홍어전문,한식 음식점업,명동,37.56647389,126.9794525,흑산도홍어본가 일식 수산물 홍어전문 한식 음식점업,명동%20흑산도홍어본가,https://m.place.naver.com/restaurant/20576157
41935,반가불고기,한식,한식/백반/한정식,한식 음식점업,명동,37.56361411,126.9853209,반가불고기 한식 한식 백반 한정식 한식 음식점업,명동%20반가불고기,https://m.place.naver.com/restaurant/1389970990
42038,종로수제비,분식,국수/만두/칼국수,분식 및 김밥 전문점,명동,37.56747144,126.9843743,종로수제비 분식 국수 만두 칼국수 분식 및 김밥 전문점,명동%20종로수제비,https://m.place.naver.com/restaurant/1859230944
43037,맛있는순두부&김치찜,한식,순두부전문,한식 음식점업,명동,37.56713039,126.9803492,맛있는순두부&김치찜 한식 순두부전문 한식 음식점업,명동%20맛있는순두부&김치찜,https://m.place.naver.com/restaurant/1833020385
43095,카페루이스,커피점/카페,커피전문점/카페/다방,비알콜 음료점업,명동,37.56686688,126.9832279,카페루이스 커피점 카페 커피전문점 카페 다방 비알콜 음료점업,명동%20카페루이스,https://m.place.naver.com/restaurant/1743127855
43141,영덕막회,일식/수산물,수산물전문음식점-종합,한식 음식점업,명동,37.56750778,126.9812722,영덕막회 일식 수산물 수산물전문음식점-종합 한식 음식점업,명동%20영덕막회,https://m.place.naver.com/restaurant/11781767
43198,ilcoffee,한식,한식/백반/한정식,한식 음식점업,명동,37.56563848,126.9881233,ilcoffee 한식 한식 백반 한정식 한식 음식점업,명동%20ilcoffee,https://m.place.naver.com/restaurant/1065719885
43199,시스템,일식/수산물,해물찜/탕전문,한식 음식점업,명동,37.56526409,126.9833516,시스템 일식 수산물 해물찜 탕전문 한식 음식점업,명동%20시스템,https://m.place.naver.com/restaurant/11853147
43407,하루엔소쿠,일식/수산물,음식점-일식,일식 음식점업,명동,37.56563848,126.9881233,하루엔소쿠 일식 수산물 음식점-일식 일식 음식점업,명동%20하루엔소쿠,https://m.place.naver.com/restaurant/1481298110
43433,깊은못,유흥주점,기타일반유흥주점,일반유흥 주점업,명동,37.5666176,126.9888232,깊은못 유흥주점 기타일반유흥주점 일반유흥 주점업,명동%20깊은못,https://m.place.naver.com/restaurant/1960030950
43522,카페마마스센터원점,커피점/카페,커피전문점/카페/다방,비알콜 음료점업,명동,37.56738787,126.9851339,카페마마스센터원점 커피점 카페 커피전문점 카페 다방 비알콜 음료점업,명동%20카페마마스센터원점,https://m.place.naver.com/restaurant/30999918
43579,일미리금계찜닭,닭/오리요리,찜닭전문점,한식 음식점업,명동,37.5648671,126.9832891,일미리금계찜닭 닭 오리요리 찜닭전문점 한식 음식점업,명동%20일미리금계찜닭,https://m.place.naver.com/restaurant/1638634242
44110,에스프레소0039,커피점/카페,커피전문점/카페/다방,비알콜 음료점업,명동,37.56794187,126.9845943,에스프레소0039 커피점 카페 커피전문점 카페 다방 비알콜 음료점업,명동%20에스프레소0039,https://m.place.naver.com/restaurant/1920750245
44240,스타벅스,커피점/카페,커피전문점/카페/다방,비알콜 음료점업,명동,37.56648318,126.9836633,스타벅스 커피점 카페 커피전문점 카페 다방 비알콜 음료점업,명동%20스타벅스,https://m.place.naver.com/restaurant/1465848077
44424,베네피트,커피점/카페,커피전문점/카페/다방,비알콜 음료점업,명동,37.56780657,126.9762309,베네피트 커피점 카페 커피전문점 카페 다방 비알콜 음료점업,명동%20베네피트,https://m.place.naver.com/restaurant/36798379
44506,둘둘치킨,닭/오리요리,후라이드/양념치킨,치킨 전문점,명동,37.56505372,126.9840336,둘둘치킨 닭 오리요리 후라이드 양념치킨 치킨 전문점,명동%20둘둘치킨,https://m.place.naver.com/restaurant/11723662
44526,녁,한식,한식/백반/한정식,한식 음식점업,명동,37.567064,126.9893945,녁 한식 한식 백반 한정식 한식 음식점업,명동%20녁,https://m.place.naver.com/restaurant/412011201
44757,펌푸드,분식,라면김밥분식,분식 및 김밥 전문점,명동,37.56647389,126.9794525,펌푸드 분식 라면김밥분식 분식 및 김밥 전문점,명동%20펌푸드,https://m.place.naver.com/restaurant/1360354219
44763,부민옥,한식,한식/백반/한정식,한식 음식점업,명동,37.56752524,126.9801627,부민옥 한식 한식 백반 한정식 한식 음식점업,명동%20부민옥,https://m.place.naver.com/restaurant/11724792
44842,여름지나가을,유흥주점,빠/카페/스탠드빠,일반유흥 주점업,명동,37.55845384,126.9845873,여름지나가을 유흥주점 빠 카페 스탠드빠 일반유흥 주점업,명동%20여름지나가을,https://m.place.naver.com/restaurant/1925303294
44972,송전일식,일식/수산물,음식점-일식,일식 음식점업,명동,37.56704898,126.9886929,송전일식 일식 수산물 음식점-일식 일식 음식점업,명동%20송전일식,https://m.place.naver.com/restaurant/32892115
44990,플레인,커피점/카페,커피전문점/카페/다방,비알콜 음료점업,명동,37.56840963,126.9782375,플레인 커피점 카페 커피전문점 카페 다방 비알콜 음료점업,명동%20플레인,https://m.place.naver.com/restaurant/1739017649
45072,창고43,한식,기타고기요리,한식 음식점업,명동,37.56762308,126.9789728,창고43 한식 기타고기요리 한식 음식점업,명동%20창고43,https://m.place.naver.com/restaurant/31243503
45086,유가네닭갈비,닭/오리요리,닭갈비전문,한식 음식점업,명동,37.56196231,126.9860338,유가네닭갈비 닭 오리요리 닭갈비전문 한식 음식점업,명동%20유가네닭갈비,https://m.place.naver.com/restaurant/33706202
45109,카페아이엠티,커피점/카페,커피전문점/카페/다방,비알콜 음료점업,명동,37.5671398,126.9793529,카페아이엠티 커피점 카페 커피전문점 카페 다방 비알콜 음료점업,명동%20카페아이엠티,https://m.place.naver.com/restaurant/1414844941
45339,신한카드,한식,한식/백반/한정식,한식 음식점업,명동,37.56563848,126.9881233,신한카드 한식 한식 백반 한정식 한식 음식점업,명동%20신한카드,https://m.place.naver.com/restaurant/1938849542
45350,델리만쥬,한식,한식/백반/한정식,한식 음식점업,명동,37.56084823,126.9853584,델리만쥬 한식 한식 백반 한정식 한식 음식점업,명동%20델리만쥬,https://m.place.naver.com/restaurant/37021284
45420,르빵LEPAIN,양식,정통양식/경양식,서양식 음식점업,명동,37.56366249,126.9867578,르빵LEPAIN 양식 정통양식 경양식 서양식 음식점업,명동%20르빵LEPAIN,https://m.place.naver.com/restaurant/37520301
45781,봉추찜닭,닭/오리요리,찜닭전문점,한식 음식점업,명동,37.56648149,126.9887119,봉추찜닭 닭 오리요리 찜닭전문점 한식 음식점업,명동%20봉추찜닭,https://m.place.naver.com/restaurant/246544586
46360,제주본가,한식,한식/백반/한정식,한식 음식점업,명동,37.56644147,126.9798718,제주본가 한식 한식 백반 한정식 한식 음식점업,명동%20제주본가,https://m.place.naver.com/restaurant/18005272
46363,호호미역,한식,한식/백반/한정식,한식 음식점업,명동,37.55940605,126.9832048,호호미역 한식 한식 백반 한정식 한식 음식점업,명동%20호호미역,https://m.place.naver.com/restaurant/1280597625
46385,남원추어탕,한식,추어탕전문,한식 음식점업,명동,37.56747144,126.9843743,남원추어탕 한식 추어탕전문 한식 음식점업,명동%20남원추어탕,https://m.place.naver.com/restaurant/34362925
46620,타마고,일식/수산물,음식점-일식,일식 음식점업,명동,37.56614114,126.9868487,타마고 일식 수산물 음식점-일식 일식 음식점업,명동%20타마고,https://m.place.naver.com/restaurant/1081165758
46801,희죽희죽,한식,한식/백반/한정식,한식 음식점업,명동,37.56174439,126.9879383,희죽희죽 한식 한식 백반 한정식 한식 음식점업,명동%20희죽희죽,https://m.place.naver.com/restaurant/19754007
47073,아그라종로점,양식,기타전문서양음식점,서양식 음식점업,명동,37.56738787,126.9851339,아그라종로점 양식 기타전문서양음식점 서양식 음식점업,명동%20아그라종로점,https://m.place.naver.com/restaurant/19891208
47125,한양김밥,분식,라면김밥분식,분식 및 김밥 전문점,명동,37.56610742,126.983974,한양김밥 분식 라면김밥분식 분식 및 김밥 전문점,명동%20한양김밥,https://m.place.naver.com/restaurant/1752493923
47191,폴바셋을지로파인에비뉴점,한식,한식/백반/한정식,한식 음식점업,명동,37.56563848,126.9881233,폴바셋을지로파인에비뉴점 한식 한식 백반 한정식 한식 음식점업,명동%20폴바셋을지로파인에비뉴점,https://m.place.naver.com/restaurant/1382044467
47277,하워드커피,커피점/카페,커피전문점/카페/다방,비알콜 음료점업,명동,37.56159633,126.9864349,하워드커피 커피점 카페 커피전문점 카페 다방 비알콜 음료점업,명동%20하워드커피,https://m.place.naver.com/restaurant/1659950598
47323,써브웨이,패스트푸드,패스트푸드,그외 기타 음식점업,명동,37.56642443,126.9894144,써브웨이 패스트푸드 패스트푸드 그외 기타 음식점업,명동%20써브웨이,https://m.place.naver.com/restaurant/36830459
47329,명동역남산파리바게뜨,제과제빵떡케익,제과점,제과점업,명동,37.56054654,126.9848532,명동역남산파리바게뜨 제과제빵떡케익 제과점 제과점업,명동%20명동역남산파리바게뜨,https://m.place.naver.com/restaurant/33342821
47334,먹보대장,한식,한식/백반/한정식,한식 음식점업,명동,37.56610742,126.983974,먹보대장 한식 한식 백반 한정식 한식 음식점업,명동%20먹보대장,https://m.place.naver.com/restaurant/31729017
47643,위드미,한식,한식/백반/한정식,한식 음식점업,명동,37.55918735,126.9839661,위드미 한식 한식 백반 한정식 한식 음식점업,명동%20위드미,https://m.place.naver.com/restaurant/120463388
47895,지우,한식,갈비/삼겹살,한식 음식점업,명동,37.56004533,126.9852448,지우 한식 갈비 삼겹살 한식 음식점업,명동%20지우,https://m.place.naver.com/restaurant/13490546
48004,카레대장,일식/수산물,음식점-일식,일식 음식점업,명동,37.56563848,126.9881233,카레대장 일식 수산물 음식점-일식 일식 음식점업,명동%20카레대장,https://m.place.naver.com/restaurant/1887648759
48008,광장동가온,한식,한식/백반/한정식,한식 음식점업,명동,37.56366249,126.9867578,광장동가온 한식 한식 백반 한정식 한식 음식점업,명동%20광장동가온,https://m.place.naver.com/restaurant/100729934
48040,신동궁감자탕뼈숯불구이,한식,해장국/감자탕,한식 음식점업,명동,37.5656927,126.9839457,신동궁감자탕뼈숯불구이 한식 해장국 감자탕 한식 음식점업,명동%20신동궁감자탕뼈숯불구이,https://m.place.naver.com/restaurant/275980821
48127,세종참치,일식/수산물,참치전문점,일식 음식점업,명동,37.56166068,126.9876338,세종참치 일식 수산물 참치전문점 일식 음식점업,명동%20세종참치,https://m.place.naver.com/restaurant/18664327
48195,바르다김선생,분식,라면김밥분식,분식 및 김밥 전문점,명동,37.56508772,126.9869422,바르다김선생 분식 라면김밥분식 분식 및 김밥 전문점,명동%20바르다김선생,https://m.place.naver.com/restaurant/1692278697
48229,어사랑,일식/수산물,음식점-일식,일식 음식점업,명동,37.56682821,126.9892166,어사랑 일식 수산물 음식점-일식 일식 음식점업,명동%20어사랑,https://m.place.naver.com/restaurant/11706795
48287,신룽푸마라탕,중식,중국음식/중국집,중식 음식점업,명동,37.55936645,126.9859331,신룽푸마라탕 중식 중국음식 중국집 중식 음식점업,명동%20신룽푸마라탕,https://m.place.naver.com/restaurant/988697159
48538,참고기집,한식,기타고기요리,한식 음식점업,명동,37.5602655,126.9846533,참고기집 한식 기타고기요리 한식 음식점업,명동%20참고기집,https://m.place.naver.com/restaurant/1553036552
48715,본도시락,패스트푸드,도시락전문점,한식 음식점업,명동,37.56698417,126.98849,본도시락 패스트푸드 도시락전문점 한식 음식점업,명동%20본도시락,https://m.place.naver.com/restaurant/37578142
48835,보돌미역,한식,한식/백반/한정식,한식 음식점업,명동,37.56174806,126.9841691,보돌미역 한식 한식 백반 한정식 한식 음식점업,명동%20보돌미역,https://m.place.naver.com/restaurant/1284729633
48838,샤이바나,양식,정통양식/경양식,서양식 음식점업,명동,37.56840963,126.9782375,샤이바나 양식 정통양식 경양식 서양식 음식점업,명동%20샤이바나,https://m.place.naver.com/restaurant/31076497
48853,연가,일식/수산물,음식점-일식,일식 음식점업,명동,37.5645188,126.9846974,연가 일식 수산물 음식점-일식 일식 음식점업,명동%20연가,https://m.place.naver.com/restaurant/21907623
48922,케이코쇼텐,한식,한식/백반/한정식,한식 음식점업,명동,37.56036894,126.9872551,케이코쇼텐 한식 한식 백반 한정식 한식 음식점업,명동%20케이코쇼텐,https://m.place.naver.com/restaurant/65140851
49106,서울다방,커피점/카페,커피전문점/카페/다방,비알콜 음료점업,명동,37.56717125,126.9829974,서울다방 커피점 카페 커피전문점 카페 다방 비알콜 음료점업,명동%20서울다방,https://m.place.naver.com/restaurant/37263960
49620,투썸플레이스명동역점,커피점/카페,커피전문점/카페/다방,비알콜 음료점업,명동,37.56019278,126.9856276,투썸플레이스명동역점 커피점 카페 커피전문점 카페 다방 비알콜 음료점업,명동%20투썸플레이스명동역점,https://m.place.naver.com/restaurant/30961528
49998,카페베네,커피점/카페,커피전문점/카페/다방,비알콜 음료점업,명동,37.56113945,126.985694,카페베네 커피점 카페 커피전문점 카페 다방 비알콜 음료점업,명동%20카페베네,https://m.place.naver.com/restaurant/1643845095
50229,스타벅스을지로센타,커피점/카페,커피전문점/카페/다방,비알콜 음료점업,명동,37.56694427,126.9848909,스타벅스을지로센타 커피점 카페 커피전문점 카페 다방 비알콜 음료점업,명동%20스타벅스을지로센타,https://m.place.naver.com/restaurant/31317957
50881,라화쿵부마라탕,중식,중국음식/중국집,중식 음식점업,명동,37.56335479,126.9834568,라화쿵부마라탕 중식 중국음식 중국집 중식 음식점업,명동%20라화쿵부마라탕,https://m.place.naver.com/restaurant/629293540
51048,옥키,한식,한식/백반/한정식,한식 음식점업,명동,37.56212395,126.9901743,옥키 한식 한식 백반 한정식 한식 음식점업,명동%20옥키,https://m.place.naver.com/restaurant/37272472
51265,직원식당,기타음식업,구내식당/자급식음식점,기관구내식당업,명동,37.56780657,126.9762309,직원식당 기타음식업 구내식당 자급식음식점 기관구내식당업,명동%20직원식당,https://m.place.naver.com/restaurant/1298936866
51461,명동사주카페샤프,커피점/카페,사주카페,비알콜 음료점업,명동,37.56108307,126.9833292,명동사주카페샤프 커피점 카페 사주카페 비알콜 음료점업,명동%20명동사주카페샤프,https://m.place.naver.com/restaurant/1128705244
51741,달인겉절이칼국수·보쌈,분식,국수/만두/칼국수,분식 및 김밥 전문점,명동,37.56563848,126.9881233,달인겉절이칼국수·보쌈 분식 국수 만두 칼국수 분식 및 김밥 전문점,명동%20달인겉절이칼국수·보쌈,https://m.place.naver.com/restaurant/38256956
52160,내림손삼계탕,닭/오리요리,삼계탕전문,한식 음식점업,명동,37.5646404,126.9852164,내림손삼계탕 닭 오리요리 삼계탕전문 한식 음식점업,명동%20내림손삼계탕,https://m.place.naver.com/restaurant/11590682
52394,벤츠,유흥주점,룸살롱/단란주점,일반유흥 주점업,명동,37.56798401,126.9811186,벤츠 유흥주점 룸살롱 단란주점 일반유흥 주점업,명동%20벤츠,https://m.place.naver.com/restaurant/1297147465
52446,엔제리너스,한식,한식/백반/한정식,한식 음식점업,명동,37.56139358,126.9869583,엔제리너스 한식 한식 백반 한정식 한식 음식점업,명동%20엔제리너스,https://m.place.naver.com/restaurant/12785727
52582,뚝심한우,한식,갈비/삼겹살,한식 음식점업,명동,37.56330238,126.9857439,뚝심한우 한식 갈비 삼겹살 한식 음식점업,명동%20뚝심한우,https://m.place.naver.com/restaurant/1752326511
52810,행복전집,한식,한식/백반/한정식,한식 음식점업,명동,37.56783732,126.9808263,행복전집 한식 한식 백반 한정식 한식 음식점업,명동%20행복전집,https://m.place.naver.com/restaurant/1494314398
52897,바스버거,패스트푸드,패스트푸드,그외 기타 음식점업,명동,37.56809782,126.9796907,바스버거 패스트푸드 패스트푸드 그외 기타 음식점업,명동%20바스버거,https://m.place.naver.com/restaurant/36383704
52936,커피디엔에이팩토리,한식,한식/백반/한정식,한식 음식점업,명동,37.56761415,126.9884022,커피디엔에이팩토리 한식 한식 백반 한정식 한식 음식점업,명동%20커피디엔에이팩토리,https://m.place.naver.com/restaurant/1255923335
53142,본죽,별식/퓨전요리,죽전문점,한식 음식점업,명동,37.56434124,126.9850054,본죽 별식 퓨전요리 죽전문점 한식 음식점업,명동%20본죽,https://m.place.naver.com/restaurant/11727079
53169,왕비집2호점,한식,한식/백반/한정식,한식 음식점업,명동,37.56440226,126.9847669,왕비집2호점 한식 한식 백반 한정식 한식 음식점업,명동%20왕비집2호점,https://m.place.naver.com/restaurant/19866576
53326,왕비집,한식,갈비/삼겹살,한식 음식점업,명동,37.56106587,126.9823786,왕비집 한식 갈비 삼겹살 한식 음식점업,명동%20왕비집,https://m.place.naver.com/restaurant/19866576
53529,을지황소곱창,한식,곱창/양구이전문,한식 음식점업,명동,37.56191383,126.9898376,을지황소곱창 한식 곱창 양구이전문 한식 음식점업,명동%20을지황소곱창,https://m.place.naver.com/restaurant/35228622
53531,커피베이한국관광공사서울센터점,커피점/카페,커피전문점/카페/다방,비알콜 음료점업,명동,37.56851986,126.9816094,커피베이한국관광공사서울센터점 커피점 카페 커피전문점 카페 다방 비알콜 음료점업,명동%20커피베이한국관광공사서울센터점,https://m.place.naver.com/restaurant/37454442
53566,커피광,커피점/카페,커피전문점/카페/다방,비알콜 음료점업,명동,37.56437048,126.9884121,커피광 커피점 카페 커피전문점 카페 다방 비알콜 음료점업,명동%20커피광,https://m.place.naver.com/restaurant/19982143
53574,가무,커피점/카페,커피전문점/카페/다방,비알콜 음료점업,명동,37.56298658,126.9835976,가무 커피점 카페 커피전문점 카페 다방 비알콜 음료점업,명동%20가무,https://m.place.naver.com/restaurant/19873009
53599,승승장구,한식,한식/백반/한정식,한식 음식점업,명동,37.55955172,126.9844253,승승장구 한식 한식 백반 한정식 한식 음식점업,명동%20승승장구,https://m.place.naver.com/restaurant/1677839042
53958,하남돼지집,한식,갈비/삼겹살,한식 음식점업,명동,37.56515184,126.9839191,하남돼지집 한식 갈비 삼겹살 한식 음식점업,명동%20하남돼지집,https://m.place.naver.com/restaurant/37720886
54310,보리밥,한식,보리밥전문,한식 음식점업,명동,37.56698417,126.98849,보리밥 한식 보리밥전문 한식 음식점업,명동%20보리밥,https://m.place.naver.com/restaurant/11731352
54332,유아히어명동본점,커피점/카페,커피전문점/카페/다방,비알콜 음료점업,명동,37.56488634,126.9844773,유아히어명동본점 커피점 카페 커피전문점 카페 다방 비알콜 음료점업,명동%20유아히어명동본점,https://m.place.naver.com/restaurant/779058538
54621,다락방,분식,라면김밥분식,분식 및 김밥 전문점,명동,37.56679211,126.9818706,다락방 분식 라면김밥분식 분식 및 김밥 전문점,명동%20다락방,https://m.place.naver.com/restaurant/20908119
54772,고기랑,한식,한식/백반/한정식,한식 음식점업,명동,37.56192912,126.9874151,고기랑 한식 한식 백반 한정식 한식 음식점업,명동%20고기랑,https://m.place.naver.com/restaurant/31575683
54836,맥주바켓,유흥주점,호프/맥주,기타 주점업,명동,37.56680753,126.9794819,맥주바켓 유흥주점 호프 맥주 기타 주점업,명동%20맥주바켓,https://m.place.naver.com/restaurant/1741332645
54849,식당진,한식,한식/백반/한정식,한식 음식점업,명동,37.56062371,126.9864933,식당진 한식 한식 백반 한정식 한식 음식점업,명동%20식당진,https://m.place.naver.com/restaurant/661220059
55080,일미집,한식,한식/백반/한정식,한식 음식점업,명동,37.55961624,126.9845942,일미집 한식 한식 백반 한정식 한식 음식점업,명동%20일미집,https://m.place.naver.com/restaurant/1796888009
55131,탐앤탐스,커피점/카페,커피전문점/카페/다방,비알콜 음료점업,명동,37.56340378,126.9828675,탐앤탐스 커피점 카페 커피전문점 카페 다방 비알콜 음료점업,명동%20탐앤탐스,https://m.place.naver.com/restaurant/37275206
55552,본죽&비빔밥명동2호점,별식/퓨전요리,죽전문점,한식 음식점업,명동,37.56434124,126.9850054,본죽&비빔밥명동2호점 별식 퓨전요리 죽전문점 한식 음식점업,명동%20본죽&비빔밥명동2호점,https://m.place.naver.com/restaurant/11727079
55592,가쯔야,분식,라면김밥분식,분식 및 김밥 전문점,명동,37.56785395,126.981709,가쯔야 분식 라면김밥분식 분식 및 김밥 전문점,명동%20가쯔야,https://m.place.naver.com/restaurant/18001921
55702,다동분식,분식,라면김밥분식,분식 및 김밥 전문점,명동,37.56682522,126.9815306,다동분식 분식 라면김밥분식 분식 및 김밥 전문점,명동%20다동분식,https://m.place.naver.com/restaurant/18001916
55730,모스버거명동중앙점,패스트푸드,패스트푸드,그외 기타 음식점업,명동,37.56537854,126.9840858,모스버거명동중앙점 패스트푸드 패스트푸드 그외 기타 음식점업,명동%20모스버거명동중앙점,https://m.place.naver.com/restaurant/33831153
55813,일미집,한식,한식/백반/한정식,한식 음식점업,명동,37.55961683,126.9846621,일미집 한식 한식 백반 한정식 한식 음식점업,명동%20일미집,https://m.place.naver.com/restaurant/1796888009
56227,광화문양갈비,한식,갈비/삼겹살,한식 음식점업,명동,37.5685611,126.9759602,광화문양갈비 한식 갈비 삼겹살 한식 음식점업,명동%20광화문양갈비,https://m.place.naver.com/restaurant/36166323
56535,1988,커피점/카페,커피전문점/카페/다방,비알콜 음료점업,명동,37.56683973,126.988458,1988 커피점 카페 커피전문점 카페 다방 비알콜 음료점업,명동%201988,https://m.place.naver.com/restaurant/38582020
56758,우리가든,한식,한식/백반/한정식,한식 음식점업,명동,37.56114962,126.9858297,우리가든 한식 한식 백반 한정식 한식 음식점업,명동%20우리가든,https://m.place.naver.com/restaurant/20077011
57132,매일호프,유흥주점,호프/맥주,기타 주점업,명동,37.56661886,126.9889703,매일호프 유흥주점 호프 맥주 기타 주점업,명동%20매일호프,https://m.place.naver.com/restaurant/1274049100
57224,할리스커피,커피점/카페,커피전문점/카페/다방,비알콜 음료점업,명동,37.56845712,126.9795613,할리스커피 커피점 카페 커피전문점 카페 다방 비알콜 음료점업,명동%20할리스커피,https://m.place.naver.com/restaurant/33811405
57631,아라마크시티,커피점/카페,커피전문점/카페/다방,비알콜 음료점업,명동,37.56850765,126.9801945,아라마크시티 커피점 카페 커피전문점 카페 다방 비알콜 음료점업,명동%20아라마크시티,https://m.place.naver.com/restaurant/1275180057
57979,동해일식,일식/수산물,음식점-일식,일식 음식점업,명동,37.56733037,126.9795088,동해일식 일식 수산물 음식점-일식 일식 음식점업,명동%20동해일식,https://m.place.naver.com/restaurant/18687708
58116,목우촌웰빙마을명동점,양식,정통양식/경양식,서양식 음식점업,명동,37.56481173,126.9841841,목우촌웰빙마을명동점 양식 정통양식 경양식 서양식 음식점업,명동%20목우촌웰빙마을명동점,https://m.place.naver.com/restaurant/11604425
58237,맛진미,한식,한식/백반/한정식,한식 음식점업,명동,37.55960918,126.9848206,맛진미 한식 한식 백반 한정식 한식 음식점업,명동%20맛진미,https://m.place.naver.com/restaurant/18040656
58746,에슬로우커피,한식,한식/백반/한정식,한식 음식점업,명동,37.56713039,126.9803492,에슬로우커피 한식 한식 백반 한정식 한식 음식점업,명동%20에슬로우커피,https://m.place.naver.com/restaurant/1011896219
58873,낭만,유흥주점,룸살롱/단란주점,일반유흥 주점업,명동,37.56704898,126.9886929,낭만 유흥주점 룸살롱 단란주점 일반유흥 주점업,명동%20낭만,https://m.place.naver.com/restaurant/1194565227
58919,흑돈가,한식,한식/백반/한정식,한식 음식점업,명동,37.56471871,126.9838457,흑돈가 한식 한식 백반 한정식 한식 음식점업,명동%20흑돈가,https://m.place.naver.com/restaurant/36310547
58970,스타벅스명동길점,커피점/카페,커피전문점/카페/다방,비알콜 음료점업,명동,37.56205085,126.9858515,스타벅스명동길점 커피점 카페 커피전문점 카페 다방 비알콜 음료점업,명동%20스타벅스명동길점,https://m.place.naver.com/restaurant/36193132
59151,더식당,한식,한식/백반/한정식,한식 음식점업,명동,37.56225515,126.9855091,더식당 한식 한식 백반 한정식 한식 음식점업,명동%20더식당,https://m.place.naver.com/restaurant/37036817
59158,수원왕갈비,한식,갈비/삼겹살,한식 음식점업,명동,37.56306317,126.9851699,수원왕갈비 한식 갈비 삼겹살 한식 음식점업,명동%20수원왕갈비,https://m.place.naver.com/restaurant/13574892
59182,이삭토스트,분식,스낵,분식 및 김밥 전문점,명동,37.56085881,126.9834454,이삭토스트 분식 스낵 분식 및 김밥 전문점,명동%20이삭토스트,https://m.place.naver.com/restaurant/1549210088
59382,토다이,양식,패밀리레스토랑,서양식 음식점업,명동,37.56340378,126.9828675,토다이 양식 패밀리레스토랑 서양식 음식점업,명동%20토다이,https://m.place.naver.com/restaurant/13146169
59440,남산왕돈까스,양식,돈가스전문점,서양식 음식점업,명동,37.56471871,126.9838457,남산왕돈까스 양식 돈가스전문점 서양식 음식점업,명동%20남산왕돈까스,https://m.place.naver.com/restaurant/20938292
60010,카렝,일식/수산물,음식점-일식,일식 음식점업,명동,37.56563848,126.9881233,카렝 일식 수산물 음식점-일식 일식 음식점업,명동%20카렝,https://m.place.naver.com/restaurant/1887648759
60228,이베떡달라붙는떡볶이,분식,떡볶이전문,분식 및 김밥 전문점,명동,37.56225906,126.9838678,이베떡달라붙는떡볶이 분식 떡볶이전문 분식 및 김밥 전문점,명동%20이베떡달라붙는떡볶이,https://m.place.naver.com/restaurant/31130140
60388,명동솥뚜껑,한식,한식/백반/한정식,한식 음식점업,명동,37.56440041,126.9845519,명동솥뚜껑 한식 한식 백반 한정식 한식 음식점업,명동%20명동솥뚜껑,https://m.place.naver.com/restaurant/1219107497
60560,이영자삼계탕,닭/오리요리,삼계탕전문,한식 음식점업,명동,37.56777784,126.9822873,이영자삼계탕 닭 오리요리 삼계탕전문 한식 음식점업,명동%20이영자삼계탕,https://m.place.naver.com/restaurant/18002105
60632,또띠데,한식,한식/백반/한정식,한식 음식점업,명동,37.56563848,126.9881233,또띠데 한식 한식 백반 한정식 한식 음식점업,명동%20또띠데,https://m.place.naver.com/restaurant/38009221
60672,투썸플레이스,커피점/카페,커피전문점/카페/다방,비알콜 음료점업,명동,37.56647389,126.9794525,투썸플레이스 커피점 카페 커피전문점 카페 다방 비알콜 음료점업,명동%20투썸플레이스,https://m.place.naver.com/restaurant/36948845
60798,갈매기집,한식,한식/백반/한정식,한식 음식점업,명동,37.56693304,126.9814951,갈매기집 한식 한식 백반 한정식 한식 음식점업,명동%20갈매기집,https://m.place.naver.com/restaurant/38521930
61766,맥도날드,패스트푸드,패스트푸드,그외 기타 음식점업,명동,37.5605445,126.9846155,맥도날드 패스트푸드 패스트푸드 그외 기타 음식점업,명동%20맥도날드,https://m.place.naver.com/restaurant/18688435
62171,홍도참치,일식/수산물,참치전문점,일식 음식점업,명동,37.56745965,126.9830048,홍도참치 일식 수산물 참치전문점 일식 음식점업,명동%20홍도참치,https://m.place.naver.com/restaurant/18670123
62536,이구갈비,한식,갈비/삼겹살,한식 음식점업,명동,37.56714088,126.978436,이구갈비 한식 갈비 삼겹살 한식 음식점업,명동%20이구갈비,https://m.place.naver.com/restaurant/1339985757
62714,을지곱창,한식,곱창/양구이전문,한식 음식점업,명동,37.56682501,126.988843,을지곱창 한식 곱창 양구이전문 한식 음식점업,명동%20을지곱창,https://m.place.naver.com/restaurant/35228622
63043,폴바셋,커피점/카페,커피전문점/카페/다방,비알콜 음료점업,명동,37.56780657,126.9762309,폴바셋 커피점 카페 커피전문점 카페 다방 비알콜 음료점업,명동%20폴바셋,https://m.place.naver.com/restaurant/33879733
63135,돈수백,한식,한식/백반/한정식,한식 음식점업,명동,37.56713039,126.9803492,돈수백 한식 한식 백반 한정식 한식 음식점업,명동%20돈수백,https://m.place.naver.com/restaurant/1065393425
63567,청솔,커피점/카페,커피전문점/카페/다방,비알콜 음료점업,명동,37.56734789,126.9836289,청솔 커피점 카페 커피전문점 카페 다방 비알콜 음료점업,명동%20청솔,https://m.place.naver.com/restaurant/20827180
63902,엔제리너스,커피점/카페,커피전문점/카페/다방,비알콜 음료점업,명동,37.56412263,126.983684,엔제리너스 커피점 카페 커피전문점 카페 다방 비알콜 음료점업,명동%20엔제리너스,https://m.place.naver.com/restaurant/12785727
63917,에이투지카페,커피점/카페,커피전문점/카페/다방,비알콜 음료점업,명동,37.56840963,126.9782375,에이투지카페 커피점 카페 커피전문점 카페 다방 비알콜 음료점업,명동%20에이투지카페,https://m.place.naver.com/restaurant/33948961
63990,남도미가,양식,정통양식/경양식,서양식 음식점업,명동,37.56821344,126.9816022,남도미가 양식 정통양식 경양식 서양식 음식점업,명동%20남도미가,https://m.place.naver.com/restaurant/1199815526
64006,세종간장게장,한식,한식/백반/한정식,한식 음식점업,명동,37.56143797,126.9879311,세종간장게장 한식 한식 백반 한정식 한식 음식점업,명동%20세종간장게장,https://m.place.naver.com/restaurant/21090789
64056,미정갈비,한식,갈비/삼겹살,한식 음식점업,명동,37.56693612,126.9891925,미정갈비 한식 갈비 삼겹살 한식 음식점업,명동%20미정갈비,https://m.place.naver.com/restaurant/18010360
64066,명동덮밥도시락,분식,라면김밥분식,분식 및 김밥 전문점,명동,37.56261932,126.9859456,명동덮밥도시락 분식 라면김밥분식 분식 및 김밥 전문점,명동%20명동덮밥도시락,https://m.place.naver.com/restaurant/34585190
64204,향설주랑,일식/수산물,음식점-일식,일식 음식점업,명동,37.56798401,126.9811186,향설주랑 일식 수산물 음식점-일식 일식 음식점업,명동%20향설주랑,https://m.place.naver.com/restaurant/18001648
64225,그랑블루,양식,기타전문서양음식점,서양식 음식점업,명동,37.56712212,126.9898691,그랑블루 양식 기타전문서양음식점 서양식 음식점업,명동%20그랑블루,https://m.place.naver.com/restaurant/1976054874
64461,태진옥,한식,한식/백반/한정식,한식 음식점업,명동,37.56742105,126.978534,태진옥 한식 한식 백반 한정식 한식 음식점업,명동%20태진옥,https://m.place.naver.com/restaurant/1171330252
64745,카페트리빈,커피점/카페,커피전문점/카페/다방,비알콜 음료점업,명동,37.56715194,126.9870388,카페트리빈 커피점 카페 커피전문점 카페 다방 비알콜 음료점업,명동%20카페트리빈,https://m.place.naver.com/restaurant/1583644157
65066,아티제,커피점/카페,커피전문점/카페/다방,비알콜 음료점업,명동,37.56508772,126.9869422,아티제 커피점 카페 커피전문점 카페 다방 비알콜 음료점업,명동%20아티제,https://m.place.naver.com/restaurant/19748343
65074,명동함흥냉면,한식,냉면집,한식 음식점업,명동,37.56188987,126.9838955,명동함흥냉면 한식 냉면집 한식 음식점업,명동%20명동함흥냉면,https://m.place.naver.com/restaurant/11477706
65137,101번지남산돈까스,양식,돈가스전문점,서양식 음식점업,명동,37.55694088,126.9857283,101번지남산돈까스 양식 돈가스전문점 서양식 음식점업,명동%20101번지남산돈까스,https://m.place.naver.com/restaurant/12890044
65712,참복집,일식/수산물,음식점-일식,일식 음식점업,명동,37.56841029,126.9762339,참복집 일식 수산물 음식점-일식 일식 음식점업,명동%20참복집,https://m.place.naver.com/restaurant/37547162
65717,해바라기,한식,한식/백반/한정식,한식 음식점업,명동,37.55678549,126.9854701,해바라기 한식 한식 백반 한정식 한식 음식점업,명동%20해바라기,https://m.place.naver.com/restaurant/1212611307
66313,아티제,커피점/카페,커피전문점/카페/다방,비알콜 음료점업,명동,37.56647828,126.9810033,아티제 커피점 카페 커피전문점 카페 다방 비알콜 음료점업,명동%20아티제,https://m.place.naver.com/restaurant/19748343
66594,정통삼계탕,닭/오리요리,삼계탕전문,한식 음식점업,명동,37.56743658,126.989763,정통삼계탕 닭 오리요리 삼계탕전문 한식 음식점업,명동%20정통삼계탕,https://m.place.naver.com/restaurant/17909465
66906,녹우,한식,한식/백반/한정식,한식 음식점업,명동,37.55940605,126.9832048,녹우 한식 한식 백반 한정식 한식 음식점업,명동%20녹우,https://m.place.naver.com/restaurant/1042276981
67068,에쎄레젤라또,커피점/카페,커피전문점/카페/다방,비알콜 음료점업,명동,37.56366249,126.9867578,에쎄레젤라또 커피점 카페 커피전문점 카페 다방 비알콜 음료점업,명동%20에쎄레젤라또,https://m.place.naver.com/restaurant/36998139
67122,안가,한식,한식/백반/한정식,한식 음식점업,명동,37.56693553,126.9880718,안가 한식 한식 백반 한정식 한식 음식점업,명동%20안가,https://m.place.naver.com/restaurant/1237817685
67169,카페다스티,커피점/카페,커피전문점/카페/다방,비알콜 음료점업,명동,37.55943667,126.9857171,카페다스티 커피점 카페 커피전문점 카페 다방 비알콜 음료점업,명동%20카페다스티,https://m.place.naver.com/restaurant/35494869
67182,약천,커피점/카페,커피전문점/카페/다방,비알콜 음료점업,명동,37.56407608,126.9845563,약천 커피점 카페 커피전문점 카페 다방 비알콜 음료점업,명동%20약천,https://m.place.naver.com/restaurant/18036539
67245,박대감닭한마리,한식,한식/백반/한정식,한식 음식점업,명동,37.56471871,126.9838457,박대감닭한마리 한식 한식 백반 한정식 한식 음식점업,명동%20박대감닭한마리,https://m.place.naver.com/restaurant/11724502
67259,카페느티,한식,한식/백반/한정식,한식 음식점업,명동,37.56636417,126.9886908,카페느티 한식 한식 백반 한정식 한식 음식점업,명동%20카페느티,https://m.place.naver.com/restaurant/1327998904
67538,포비아명동,커피점/카페,커피전문점/카페/다방,비알콜 음료점업,명동,37.56325441,126.985405,포비아명동 커피점 카페 커피전문점 카페 다방 비알콜 음료점업,명동%20포비아명동,https://m.place.naver.com/restaurant/37629951
67640,구할구,커피점/카페,커피전문점/카페/다방,비알콜 음료점업,명동,37.55820417,126.9869902,구할구 커피점 카페 커피전문점 카페 다방 비알콜 음료점업,명동%20구할구,https://m.place.naver.com/restaurant/1273878741
67820,앤레커피,커피점/카페,커피전문점/카페/다방,비알콜 음료점업,명동,37.56694744,126.9842117,앤레커피 커피점 카페 커피전문점 카페 다방 비알콜 음료점업,명동%20앤레커피,https://m.place.naver.com/restaurant/1620513062
67830,더와플,커피점/카페,커피전문점/카페/다방,비알콜 음료점업,명동,37.56777784,126.9822873,더와플 커피점 카페 커피전문점 카페 다방 비알콜 음료점업,명동%20더와플,https://m.place.naver.com/restaurant/1951756019
67854,대한트럭,기타음식업,고속도로휴게소,그외 기타 음식점업,명동,37.56627108,126.9778819,대한트럭 기타음식업 고속도로휴게소 그외 기타 음식점업,명동%20대한트럭,https://m.place.naver.com/restaurant/1428064023
67976,CRAZY,분식,라면김밥분식,분식 및 김밥 전문점,명동,37.56712802,126.9811189,CRAZY 분식 라면김밥분식 분식 및 김밥 전문점,명동%20CRAZY,https://m.place.naver.com/restaurant/1916401258
68292,302호,유흥주점,빠/카페/스탠드빠,일반유흥 주점업,명동,37.56661702,126.9887553,302호 유흥주점 빠 카페 스탠드빠 일반유흥 주점업,명동%20302호,https://m.place.naver.com/restaurant/1213855227
68299,서울비어프로젝트,양식,정통양식/경양식,서양식 음식점업,명동,37.56721135,126.989766,서울비어프로젝트 양식 정통양식 경양식 서양식 음식점업,명동%20서울비어프로젝트,https://m.place.naver.com/restaurant/1199130094
68324,나비,커피점/카페,커피전문점/카페/다방,비알콜 음료점업,명동,37.567064,126.9893945,나비 커피점 카페 커피전문점 카페 다방 비알콜 음료점업,명동%20나비,https://m.place.naver.com/restaurant/31314038
68533,펜타워,양식,정통양식/경양식,서양식 음식점업,명동,37.5584072,126.9865007,펜타워 양식 정통양식 경양식 서양식 음식점업,명동%20펜타워,https://m.place.naver.com/restaurant/1257457076
68573,노브랜드버거,패스트푸드,패스트푸드,그외 기타 음식점업,명동,37.56113945,126.985694,노브랜드버거 패스트푸드 패스트푸드 그외 기타 음식점업,명동%20노브랜드버거,https://m.place.naver.com/restaurant/1356174948
68987,노브랜드버거,패스트푸드,패스트푸드,그외 기타 음식점업,명동,37.56739833,126.9790324,노브랜드버거 패스트푸드 패스트푸드 그외 기타 음식점업,명동%20노브랜드버거,https://m.place.naver.com/restaurant/1356174948
69437,다도해물집,일식/수산물,해물찜/탕전문,한식 음식점업,명동,37.56333667,126.9855397,다도해물집 일식 수산물 해물찜 탕전문 한식 음식점업,명동%20다도해물집,https://m.place.naver.com/restaurant/33878633
69494,한일관을지로,한식,한식/백반/한정식,한식 음식점업,명동,37.56694744,126.9842117,한일관을지로 한식 한식 백반 한정식 한식 음식점업,명동%20한일관을지로,https://m.place.naver.com/restaurant/21037772
69667,부스터커피,유흥주점,빠/카페/스탠드빠,일반유흥 주점업,명동,37.56016762,126.9837491,부스터커피 유흥주점 빠 카페 스탠드빠 일반유흥 주점업,명동%20부스터커피,https://m.place.naver.com/restaurant/36683634
70058,플로팅,유흥주점,빠/카페/스탠드빠,일반유흥 주점업,명동,37.56139358,126.9869583,플로팅 유흥주점 빠 카페 스탠드빠 일반유흥 주점업,명동%20플로팅,https://m.place.naver.com/restaurant/1746065215
70277,둘둘치킨명동2호점,닭/오리요리,후라이드/양념치킨,치킨 전문점,명동,37.56468735,126.9843895,둘둘치킨명동2호점 닭 오리요리 후라이드 양념치킨 치킨 전문점,명동%20둘둘치킨명동2호점,https://m.place.naver.com/restaurant/12902230
70478,본우리반상센터원점센터원점,한식,한식/백반/한정식,한식 음식점업,명동,37.56738787,126.9851339,본우리반상센터원점센터원점 한식 한식 백반 한정식 한식 음식점업,명동%20본우리반상센터원점센터원점,https://m.place.naver.com/restaurant/37553772
70811,엔제리너스,한식,한식/백반/한정식,한식 음식점업,명동,37.56809587,126.9794644,엔제리너스 한식 한식 백반 한정식 한식 음식점업,명동%20엔제리너스,https://m.place.naver.com/restaurant/12785727
70848,고시레,한식,한식/백반/한정식,한식 음식점업,명동,37.56201002,126.9884441,고시레 한식 한식 백반 한정식 한식 음식점업,명동%20고시레,https://m.place.naver.com/restaurant/34882604
71160,혜민당,커피점/카페,커피전문점/카페/다방,비알콜 음료점업,명동,37.56647151,126.9885988,혜민당 커피점 카페 커피전문점 카페 다방 비알콜 음료점업,명동%20혜민당,https://m.place.naver.com/restaurant/86196000
71168,미커피,커피점/카페,커피전문점/카페/다방,비알콜 음료점업,명동,37.56067283,126.9869681,미커피 커피점 카페 커피전문점 카페 다방 비알콜 음료점업,명동%20미커피,https://m.place.naver.com/restaurant/1319904262
71206,골드바틀센터플레이스점,커피점/카페,커피전문점/카페/다방,비알콜 음료점업,명동,37.56713039,126.9803492,골드바틀센터플레이스점 커피점 카페 커피전문점 카페 다방 비알콜 음료점업,명동%20골드바틀센터플레이스점,https://m.place.naver.com/restaurant/214309640
71269,서울프린스호텔,커피점/카페,커피전문점/카페/다방,비알콜 음료점업,명동,37.5606577,126.9862552,서울프린스호텔 커피점 카페 커피전문점 카페 다방 비알콜 음료점업,명동%20서울프린스호텔,https://m.place.naver.com/restaurant/11658940
71285,커피앤틱,커피점/카페,커피전문점/카페/다방,비알콜 음료점업,명동,37.55707709,126.985851,커피앤틱 커피점 카페 커피전문점 카페 다방 비알콜 음료점업,명동%20커피앤틱,https://m.place.naver.com/restaurant/21700981
71785,치르치르,한식,한식/백반/한정식,한식 음식점업,명동,37.56471871,126.9838457,치르치르 한식 한식 백반 한정식 한식 음식점업,명동%20치르치르,https://m.place.naver.com/restaurant/37489377
72207,도통사주카페,커피점/카페,사주카페,비알콜 음료점업,명동,37.56193657,126.9840873,도통사주카페 커피점 카페 사주카페 비알콜 음료점업,명동%20도통사주카페,https://m.place.naver.com/restaurant/18039496
72380,영덕회식당,일식/수산물,횟집,한식 음식점업,명동,37.56875433,126.9795459,영덕회식당 일식 수산물 횟집 한식 음식점업,명동%20영덕회식당,https://m.place.naver.com/restaurant/11781767
72575,서원,한식,한식/백반/한정식,한식 음식점업,명동,37.5612631,126.9875034,서원 한식 한식 백반 한정식 한식 음식점업,명동%20서원,https://m.place.naver.com/restaurant/18034663
72715,안동찜닭,닭/오리요리,찜닭전문점,한식 음식점업,명동,37.56366807,126.9853089,안동찜닭 닭 오리요리 찜닭전문점 한식 음식점업,명동%20안동찜닭,https://m.place.naver.com/restaurant/19419201
72812,순남시래기,한식,한식/백반/한정식,한식 음식점업,명동,37.56292437,126.9857944,순남시래기 한식 한식 백반 한정식 한식 음식점업,명동%20순남시래기,https://m.place.naver.com/restaurant/36831343
72828,킹카,유흥주점,룸살롱/단란주점,일반유흥 주점업,명동,37.56788678,126.9802936,킹카 유흥주점 룸살롱 단란주점 일반유흥 주점업,명동%20킹카,https://m.place.naver.com/restaurant/20896623
73305,포메인,별식/퓨전요리,동남아음식전문점,기타 외국식 음식점업,명동,37.56713677,126.979002,포메인 별식 퓨전요리 동남아음식전문점 기타 외국식 음식점업,명동%20포메인,https://m.place.naver.com/restaurant/17907954
73584,마르셀,양식,기타전문서양음식점,서양식 음식점업,명동,37.56881486,126.9782094,마르셀 양식 기타전문서양음식점 서양식 음식점업,명동%20마르셀,https://m.place.naver.com/restaurant/1735375228
73616,가배도,한식,한식/백반/한정식,한식 음식점업,명동,37.56041276,126.9850135,가배도 한식 한식 백반 한정식 한식 음식점업,명동%20가배도,https://m.place.naver.com/restaurant/1194974888
73648,하이디라오,중식,중국음식/중국집,중식 음식점업,명동,37.56533929,126.9837128,하이디라오 중식 중국음식 중국집 중식 음식점업,명동%20하이디라오,https://m.place.naver.com/restaurant/1501495669
73749,카페드파리,커피점/카페,커피전문점/카페/다방,비알콜 음료점업,명동,37.56254619,126.9837281,카페드파리 커피점 카페 커피전문점 카페 다방 비알콜 음료점업,명동%20카페드파리,https://m.place.naver.com/restaurant/38251688
73793,곤트란쉐리에,제과제빵떡케익,제과점,제과점업,명동,37.5679764,126.9781529,곤트란쉐리에 제과제빵떡케익 제과점 제과점업,명동%20곤트란쉐리에,https://m.place.naver.com/restaurant/1126642959
73823,군자대한곱창,한식,곱창/양구이전문,한식 음식점업,명동,37.56458834,126.9844022,군자대한곱창 한식 곱창 양구이전문 한식 음식점업,명동%20군자대한곱창,https://m.place.naver.com/restaurant/1039629174
73825,세광양대창,한식,곱창/양구이전문,한식 음식점업,명동,37.56581002,126.9839667,세광양대창 한식 곱창 양구이전문 한식 음식점업,명동%20세광양대창,https://m.place.naver.com/restaurant/1664785027
73904,스타벅스,커피점/카페,커피전문점/카페/다방,비알콜 음료점업,명동,37.56629791,126.9799417,스타벅스 커피점 카페 커피전문점 카페 다방 비알콜 음료점업,명동%20스타벅스,https://m.place.naver.com/restaurant/1465848077
74149,미스터힐링,커피점/카페,커피전문점/카페/다방,비알콜 음료점업,명동,37.56225515,126.9855091,미스터힐링 커피점 카페 커피전문점 카페 다방 비알콜 음료점업,명동%20미스터힐링,https://m.place.naver.com/restaurant/37546712
74281,맷차,커피점/카페,커피전문점/카페/다방,비알콜 음료점업,명동,37.56461781,126.9846847,맷차 커피점 카페 커피전문점 카페 다방 비알콜 음료점업,명동%20맷차,https://m.place.naver.com/restaurant/1507052049
74882,적당,커피점/카페,커피전문점/카페/다방,비알콜 음료점업,명동,37.56647828,126.9810033,적당 커피점 카페 커피전문점 카페 다방 비알콜 음료점업,명동%20적당,https://m.place.naver.com/restaurant/1250997417
74931,레오니다스,유흥주점,빠/카페/스탠드빠,일반유흥 주점업,명동,37.56384352,126.9858045,레오니다스 유흥주점 빠 카페 스탠드빠 일반유흥 주점업,명동%20레오니다스,https://m.place.naver.com/restaurant/12929539
75164,스너그,유흥주점,빠/카페/스탠드빠,일반유흥 주점업,명동,37.56708337,126.9885,스너그 유흥주점 빠 카페 스탠드빠 일반유흥 주점업,명동%20스너그,https://m.place.naver.com/restaurant/1208890227
75445,광화문석갈비,한식,갈비/삼겹살,한식 음식점업,명동,37.56840963,126.9782375,광화문석갈비 한식 갈비 삼겹살 한식 음식점업,명동%20광화문석갈비,https://m.place.naver.com/restaurant/1278021220
75612,두끼떡볶이,분식,떡볶이전문,분식 및 김밥 전문점,명동,37.56231232,126.9858706,두끼떡볶이 분식 떡볶이전문 분식 및 김밥 전문점,명동%20두끼떡볶이,https://m.place.naver.com/restaurant/1020811341
75655,언톨드스위츠,커피점/카페,커피전문점/카페/다방,비알콜 음료점업,명동,37.56322733,126.9822587,언톨드스위츠 커피점 카페 커피전문점 카페 다방 비알콜 음료점업,명동%20언톨드스위츠,https://m.place.naver.com/restaurant/1486908254
75884,두부,한식,한식/백반/한정식,한식 음식점업,명동,37.56103904,126.9844956,두부 한식 한식 백반 한정식 한식 음식점업,명동%20두부,https://m.place.naver.com/restaurant/20888940
75944,뜸부기,한식,한식/백반/한정식,한식 음식점업,명동,37.56694339,126.9889886,뜸부기 한식 한식 백반 한정식 한식 음식점업,명동%20뜸부기,https://m.place.naver.com/restaurant/37830327
76122,투썸플레이스,커피점/카페,커피전문점/카페/다방,비알콜 음료점업,명동,37.56139358,126.9869583,투썸플레이스 커피점 카페 커피전문점 카페 다방 비알콜 음료점업,명동%20투썸플레이스,https://m.place.naver.com/restaurant/36948845
76203,금강산,한식,한식/백반/한정식,한식 음식점업,명동,37.56722089,126.9783104,금강산 한식 한식 백반 한정식 한식 음식점업,명동%20금강산,https://m.place.naver.com/restaurant/11486768
76261,두끼,한식,한식/백반/한정식,한식 음식점업,명동,37.56340378,126.9828675,두끼 한식 한식 백반 한정식 한식 음식점업,명동%20두끼,https://m.place.naver.com/restaurant/1020811341
76309,포동이네집,한식,한식/백반/한정식,한식 음식점업,명동,37.55845384,126.9845873,포동이네집 한식 한식 백반 한정식 한식 음식점업,명동%20포동이네집,https://m.place.naver.com/restaurant/20834742
76334,보스,유흥주점,룸살롱/단란주점,일반유흥 주점업,명동,37.56188796,126.9899738,보스 유흥주점 룸살롱 단란주점 일반유흥 주점업,명동%20보스,https://m.place.naver.com/restaurant/1006162445
76589,바니,양식,정통양식/경양식,서양식 음식점업,명동,37.56781381,126.9812341,바니 양식 정통양식 경양식 서양식 음식점업,명동%20바니,https://m.place.naver.com/restaurant/18001446
76608,CGV,패스트푸드,패스트푸드,그외 기타 음식점업,명동,37.56340378,126.9828675,CGV 패스트푸드 패스트푸드 그외 기타 음식점업,명동%20CGV,https://m.place.naver.com/restaurant/12125217
76679,비스트로74,양식,정통양식/경양식,서양식 음식점업,명동,37.56366249,126.9867578,비스트로74 양식 정통양식 경양식 서양식 음식점업,명동%20비스트로74,https://m.place.naver.com/restaurant/35781578
76845,명동빈대떡,한식,파전전문,한식 음식점업,명동,37.55930163,126.9857303,명동빈대떡 한식 파전전문 한식 음식점업,명동%20명동빈대떡,https://m.place.naver.com/restaurant/189422017
76860,고향칼국수,분식,국수/만두/칼국수,분식 및 김밥 전문점,명동,37.5670888,126.9891338,고향칼국수 분식 국수 만두 칼국수 분식 및 김밥 전문점,명동%20고향칼국수,https://m.place.naver.com/restaurant/1271927601
77181,사랑채,커피점/카페,커피전문점/카페/다방,비알콜 음료점업,명동,37.56715194,126.9870388,사랑채 커피점 카페 커피전문점 카페 다방 비알콜 음료점업,명동%20사랑채,https://m.place.naver.com/restaurant/1267409685
77194,커피팟,커피점/카페,커피전문점/카페/다방,비알콜 음료점업,명동,37.56769698,126.9907103,커피팟 커피점 카페 커피전문점 카페 다방 비알콜 음료점업,명동%20커피팟,https://m.place.naver.com/restaurant/20892592
77522,한우삼겹,한식,갈비/삼겹살,한식 음식점업,명동,37.56220675,126.9840723,한우삼겹 한식 갈비 삼겹살 한식 음식점업,명동%20한우삼겹,https://m.place.naver.com/restaurant/975294583
77984,삼호정,한식,한식/백반/한정식,한식 음식점업,명동,37.5596947,126.9842875,삼호정 한식 한식 백반 한정식 한식 음식점업,명동%20삼호정,https://m.place.naver.com/restaurant/11726707
78442,강남교자센터원점,한식,한식/백반/한정식,한식 음식점업,명동,37.56738787,126.9851339,강남교자센터원점 한식 한식 백반 한정식 한식 음식점업,명동%20강남교자센터원점,https://m.place.naver.com/restaurant/33963834
78875,남도한식,한식,한식/백반/한정식,한식 음식점업,명동,37.56587666,126.9864788,남도한식 한식 한식 백반 한정식 한식 음식점업,명동%20남도한식,https://m.place.naver.com/restaurant/37069135
78900,커피밀,커피점/카페,커피전문점/카페/다방,비알콜 음료점업,명동,37.56663339,126.9885626,커피밀 커피점 카페 커피전문점 카페 다방 비알콜 음료점업,명동%20커피밀,https://m.place.naver.com/restaurant/37471212
78951,유가네닭갈비,닭/오리요리,닭갈비전문,한식 음식점업,명동,37.5632739,126.9834805,유가네닭갈비 닭 오리요리 닭갈비전문 한식 음식점업,명동%20유가네닭갈비,https://m.place.naver.com/restaurant/33706202
78952,참치공방,일식/수산물,참치전문점,일식 음식점업,명동,37.56717125,126.9829974,참치공방 일식 수산물 참치전문점 일식 음식점업,명동%20참치공방,https://m.place.naver.com/restaurant/502703190
78967,마마스찬,한식,한식/백반/한정식,한식 음식점업,명동,37.56599699,126.9868507,마마스찬 한식 한식 백반 한정식 한식 음식점업,명동%20마마스찬,https://m.place.naver.com/restaurant/1844148852
79019,빌리엔젤,커피점/카페,커피전문점/카페/다방,비알콜 음료점업,명동,37.5644626,126.9844491,빌리엔젤 커피점 카페 커피전문점 카페 다방 비알콜 음료점업,명동%20빌리엔젤,https://m.place.naver.com/restaurant/1208325435
79121,동심,커피점/카페,커피전문점/카페/다방,비알콜 음료점업,명동,37.55921928,126.9855842,동심 커피점 카페 커피전문점 카페 다방 비알콜 음료점업,명동%20동심,https://m.place.naver.com/restaurant/1833453021
79205,매머드커피장교빌딩점,커피점/카페,커피전문점/카페/다방,비알콜 음료점업,명동,37.56715194,126.9870388,매머드커피장교빌딩점 커피점 카페 커피전문점 카페 다방 비알콜 음료점업,명동%20매머드커피장교빌딩점,https://m.place.naver.com/restaurant/1962216707
79280,빽다방명동중앙우체,커피점/카페,커피전문점/카페/다방,비알콜 음료점업,명동,37.56242189,126.9818508,빽다방명동중앙우체 커피점 카페 커피전문점 카페 다방 비알콜 음료점업,명동%20빽다방명동중앙우체,https://m.place.naver.com/restaurant/38232320
79401,bird,한식,한식/백반/한정식,한식 음식점업,명동,37.55911035,126.9844426,bird 한식 한식 백반 한정식 한식 음식점업,명동%20bird,https://m.place.naver.com/restaurant/1694673138
80116,오븐에빠진닭,닭/오리요리,후라이드/양념치킨,치킨 전문점,명동,37.56471871,126.9838457,오븐에빠진닭 닭 오리요리 후라이드 양념치킨 치킨 전문점,명동%20오븐에빠진닭,https://m.place.naver.com/restaurant/19459625
80317,다동골뱅이치킨,닭/오리요리,후라이드/양념치킨,치킨 전문점,명동,37.56685108,126.9813944,다동골뱅이치킨 닭 오리요리 후라이드 양념치킨 치킨 전문점,명동%20다동골뱅이치킨,https://m.place.naver.com/restaurant/11663452
80419,쿠우쿠우,부페,종합부페,,명동,37.56413724,126.9853817,쿠우쿠우 부페 종합부페 ,명동%20쿠우쿠우,https://m.place.naver.com/restaurant/32315856
80468,커피빈,커피점/카페,커피전문점/카페/다방,비알콜 음료점업,명동,37.56686688,126.9832279,커피빈 커피점 카페 커피전문점 카페 다방 비알콜 음료점업,명동%20커피빈,https://m.place.naver.com/restaurant/37408454
80667,카페아이엠티,커피점/카페,커피전문점/카페/다방,비알콜 음료점업,명동,37.56570325,126.9862208,카페아이엠티 커피점 카페 커피전문점 카페 다방 비알콜 음료점업,명동%20카페아이엠티,https://m.place.naver.com/restaurant/1414844941
80931,루프트커피,커피점/카페,커피전문점/카페/다방,비알콜 음료점업,명동,37.56209818,126.9892691,루프트커피 커피점 카페 커피전문점 카페 다방 비알콜 음료점업,명동%20루프트커피,https://m.place.naver.com/restaurant/152660082
81013,더스팟패뷸러스,커피점/카페,커피전문점/카페/다방,비알콜 음료점업,명동,37.56213759,126.9823188,더스팟패뷸러스 커피점 카페 커피전문점 카페 다방 비알콜 음료점업,명동%20더스팟패뷸러스,https://m.place.naver.com/restaurant/181633326
81088,9테이블,한식,한식/백반/한정식,한식 음식점업,명동,37.56587666,126.9864788,9테이블 한식 한식 백반 한정식 한식 음식점업,명동%209테이블,https://m.place.naver.com/restaurant/1838134780
81089,한일관,한식,한식/백반/한정식,한식 음식점업,명동,37.56738787,126.9851339,한일관 한식 한식 백반 한정식 한식 음식점업,명동%20한일관,https://m.place.naver.com/restaurant/21037772
81096,방방짬뽕,중식,중국음식/중국집,중식 음식점업,명동,37.56647389,126.9794525,방방짬뽕 중식 중국음식 중국집 중식 음식점업,명동%20방방짬뽕,https://m.place.naver.com/restaurant/1750114893
81120,신세계떡볶이,분식,떡볶이전문,분식 및 김밥 전문점,명동,37.56434124,126.9850054,신세계떡볶이 분식 떡볶이전문 분식 및 김밥 전문점,명동%20신세계떡볶이,https://m.place.naver.com/restaurant/1192169754
81172,하나골뱅이북어구이전문점,유흥주점,호프/맥주,기타 주점업,명동,37.56729325,126.9835617,하나골뱅이북어구이전문점 유흥주점 호프 맥주 기타 주점업,명동%20하나골뱅이북어구이전문점,https://m.place.naver.com/restaurant/31658524
81421,밥먹는술집광장,유흥주점,기타일반유흥주점,일반유흥 주점업,명동,37.56691162,126.9894871,밥먹는술집광장 유흥주점 기타일반유흥주점 일반유흥 주점업,명동%20밥먹는술집광장,https://m.place.naver.com/restaurant/1706662579
81435,넥스트스테이션,양식,기타전문서양음식점,서양식 음식점업,명동,37.56266282,126.9836699,넥스트스테이션 양식 기타전문서양음식점 서양식 음식점업,명동%20넥스트스테이션,https://m.place.naver.com/restaurant/731507924
81514,잘차려진바다,일식/수산물,낙지/오징어,한식 음식점업,명동,37.56680239,126.9820176,잘차려진바다 일식 수산물 낙지 오징어 한식 음식점업,명동%20잘차려진바다,https://m.place.naver.com/restaurant/1025442525
81549,참맛순대국,별식/퓨전요리,순대전문점,한식 음식점업,명동,37.5676216,126.9798444,참맛순대국 별식 퓨전요리 순대전문점 한식 음식점업,명동%20참맛순대국,https://m.place.naver.com/restaurant/37821968
82322,뚜레쥬르,제과제빵떡케익,제과점,제과점업,명동,37.56678246,126.9797087,뚜레쥬르 제과제빵떡케익 제과점 제과점업,명동%20뚜레쥬르,https://m.place.naver.com/restaurant/18034702
82428,명동숙희,유흥주점,빠/카페/스탠드빠,일반유흥 주점업,명동,37.56355454,126.9857292,명동숙희 유흥주점 빠 카페 스탠드빠 일반유흥 주점업,명동%20명동숙희,https://m.place.naver.com/restaurant/1118332002
82775,사이드바이사이드,커피점/카페,커피전문점/카페/다방,비알콜 음료점업,명동,37.5664255,126.9895389,사이드바이사이드 커피점 카페 커피전문점 카페 다방 비알콜 음료점업,명동%20사이드바이사이드,https://m.place.naver.com/restaurant/1704022791
84246,누크,부페,종합부페,,명동,37.56229615,126.9818978,누크 부페 종합부페 ,명동%20누크,https://m.place.naver.com/restaurant/611631895
84547,콩뼈숯뼈감자탕,한식,한식/백반/한정식,한식 음식점업,명동,37.56463373,126.9833941,콩뼈숯뼈감자탕 한식 한식 백반 한정식 한식 음식점업,명동%20콩뼈숯뼈감자탕,https://m.place.naver.com/restaurant/1472110536
84957,기와집삼계탕,닭/오리요리,삼계탕전문,한식 음식점업,명동,37.56434124,126.9850054,기와집삼계탕 닭 오리요리 삼계탕전문 한식 음식점업,명동%20기와집삼계탕,https://m.place.naver.com/restaurant/1462752611
84982,국밥쟁이,한식,한식/백반/한정식,한식 음식점업,명동,37.56761415,126.9884022,국밥쟁이 한식 한식 백반 한정식 한식 음식점업,명동%20국밥쟁이,https://m.place.naver.com/restaurant/1839170473
85558,크림시크,커피점/카페,커피전문점/카페/다방,비알콜 음료점업,명동,37.5643412,126.9839527,크림시크 커피점 카페 커피전문점 카페 다방 비알콜 음료점업,명동%20크림시크,https://m.place.naver.com/restaurant/1256999271
86224,송추가마골더홈,한식,한식/백반/한정식,한식 음식점업,명동,37.56738787,126.9851339,송추가마골더홈 한식 한식 백반 한정식 한식 음식점업,명동%20송추가마골더홈,https://m.place.naver.com/restaurant/1258359006
86509,컴포즈커피,커피점/카페,커피전문점/카페/다방,비알콜 음료점업,명동,37.56155955,126.9884501,컴포즈커피 커피점 카페 커피전문점 카페 다방 비알콜 음료점업,명동%20컴포즈커피,https://m.place.naver.com/restaurant/1437890511
86913,카오짜이,별식/퓨전요리,동남아음식전문점,기타 외국식 음식점업,명동,37.56715194,126.9870388,카오짜이 별식 퓨전요리 동남아음식전문점 기타 외국식 음식점업,명동%20카오짜이,https://m.place.naver.com/restaurant/1259366650
87033,영동호프식당,분식,라면김밥분식,분식 및 김밥 전문점,명동,37.56769698,126.9907103,영동호프식당 분식 라면김밥분식 분식 및 김밥 전문점,명동%20영동호프식당,https://m.place.naver.com/restaurant/1610863166
87117,양밍위황먼지미판,중식,중국음식/중국집,중식 음식점업,명동,37.56313024,126.9835391,양밍위황먼지미판 중식 중국음식 중국집 중식 음식점업,명동%20양밍위황먼지미판,https://m.place.naver.com/restaurant/1333329166
87232,에그홀릭,한식,한식/백반/한정식,한식 음식점업,명동,37.56614114,126.9868487,에그홀릭 한식 한식 백반 한정식 한식 음식점업,명동%20에그홀릭,https://m.place.naver.com/restaurant/1048411373
87578,몬스터홀덤,유흥주점,호프/맥주,기타 주점업,명동,37.56767415,126.9817567,몬스터홀덤 유흥주점 호프 맥주 기타 주점업,명동%20몬스터홀덤,https://m.place.naver.com/restaurant/1392796519
87753,이남장,한식,한식/백반/한정식,한식 음식점업,명동,37.56553964,126.9839591,이남장 한식 한식 백반 한정식 한식 음식점업,명동%20이남장,https://m.place.naver.com/restaurant/11679393
87831,"잠시,휴식",커피점/카페,커피전문점/카페/다방,비알콜 음료점업,명동,37.56648318,126.9836633,"잠시,휴식 커피점 카페 커피전문점 카페 다방 비알콜 음료점업","명동%20잠시,휴식",https://m.place.naver.com/restaurant/1352956588
88338,뱅커스클럽바이반얀트리,한식,한식/백반/한정식,한식 음식점업,명동,37.56501173,126.9854378,뱅커스클럽바이반얀트리 한식 한식 백반 한정식 한식 음식점업,명동%20뱅커스클럽바이반얀트리,https://m.place.naver.com/restaurant/1237536249
88758,커피온리,커피점/카페,커피전문점/카페/다방,비알콜 음료점업,명동,37.5671398,126.9793529,커피온리 커피점 카페 커피전문점 카페 다방 비알콜 음료점업,명동%20커피온리,https://m.place.naver.com/restaurant/1825524447
88977,THAI,별식/퓨전요리,동남아음식전문점,기타 외국식 음식점업,명동,37.56340378,126.9828675,THAI 별식 퓨전요리 동남아음식전문점 기타 외국식 음식점업,명동%20THAI,https://m.place.naver.com/restaurant/20336576
89080,홀리데이인서울,양식,기타전문서양음식점,서양식 음식점업,명동,37.56155955,126.9884501,홀리데이인서울 양식 기타전문서양음식점 서양식 음식점업,명동%20홀리데이인서울,https://m.place.naver.com/restaurant/1599438297
89136,뜸부기황금족발,한식,족발/보쌈전문,한식 음식점업,명동,37.56682501,126.988843,뜸부기황금족발 한식 족발 보쌈전문 한식 음식점업,명동%20뜸부기황금족발,https://m.place.naver.com/restaurant/37830327
89229,매일더맥주,유흥주점,호프/맥주,기타 주점업,명동,37.56471871,126.9838457,매일더맥주 유흥주점 호프 맥주 기타 주점업,명동%20매일더맥주,https://m.place.naver.com/restaurant/37448239
89528,아트몬스터,유흥주점,호프/맥주,기타 주점업,명동,37.56051518,126.9853969,아트몬스터 유흥주점 호프 맥주 기타 주점업,명동%20아트몬스터,https://m.place.naver.com/restaurant/1042037969
90339,명동칼국수샤브샤브,별식/퓨전요리,샤브샤브전문,한식 음식점업,명동,37.56713039,126.9803492,명동칼국수샤브샤브 별식 퓨전요리 샤브샤브전문 한식 음식점업,명동%20명동칼국수샤브샤브,https://m.place.naver.com/restaurant/13403646
91120,싸다김밥,분식,라면김밥분식,분식 및 김밥 전문점,명동,37.56159633,126.9864349,싸다김밥 분식 라면김밥분식 분식 및 김밥 전문점,명동%20싸다김밥,https://m.place.naver.com/restaurant/1759221815
91463,국민맥주,유흥주점,호프/맥주,기타 주점업,명동,37.56783732,126.9808263,국민맥주 유흥주점 호프 맥주 기타 주점업,명동%20국민맥주,https://m.place.naver.com/restaurant/1784385667
92301,명동반점,중식,중국음식/중국집,중식 음식점업,명동,37.56199326,126.9885914,명동반점 중식 중국음식 중국집 중식 음식점업,명동%20명동반점,https://m.place.naver.com/restaurant/1908155562
93259,원당,한식,해장국/감자탕,한식 음식점업,명동,37.56440226,126.9847669,원당 한식 해장국 감자탕 한식 음식점업,명동%20원당,https://m.place.naver.com/restaurant/32241137
93632,다동막회,일식/수산물,횟집,한식 음식점업,명동,37.56754589,126.980468,다동막회 일식 수산물 횟집 한식 음식점업,명동%20다동막회,https://m.place.naver.com/restaurant/1261768646
94135,용대리황태해장국,한식,해장국/감자탕,한식 음식점업,명동,37.5664255,126.9895389,용대리황태해장국 한식 해장국 감자탕 한식 음식점업,명동%20용대리황태해장국,https://m.place.naver.com/restaurant/1716850687
94166,소마드로잉카페,커피점/카페,커피전문점/카페/다방,비알콜 음료점업,명동,37.56451563,126.9832825,소마드로잉카페 커피점 카페 커피전문점 카페 다방 비알콜 음료점업,명동%20소마드로잉카페,https://m.place.naver.com/restaurant/1664154056
94545,제주백,한식,한식/백반/한정식,한식 음식점업,명동,37.56765498,126.9805797,제주백 한식 한식 백반 한정식 한식 음식점업,명동%20제주백,https://m.place.naver.com/restaurant/1108886259
94955,영진마라탕,중식,중국음식/중국집,중식 음식점업,명동,37.56346085,126.9853117,영진마라탕 중식 중국음식 중국집 중식 음식점업,명동%20영진마라탕,https://m.place.naver.com/restaurant/1636151144
94969,스몰굿커피,커피점/카페,커피전문점/카페/다방,비알콜 음료점업,명동,37.56693685,126.9819365,스몰굿커피 커피점 카페 커피전문점 카페 다방 비알콜 음료점업,명동%20스몰굿커피,https://m.place.naver.com/restaurant/1053442348
95010,아재커피세종대로점,커피점/카페,커피전문점/카페/다방,비알콜 음료점업,명동,37.56910998,126.9758734,아재커피세종대로점 커피점 카페 커피전문점 카페 다방 비알콜 음료점업,명동%20아재커피세종대로점,https://m.place.naver.com/restaurant/1104359465
95085,명동풍천민물장어,일식/수산물,민물장어전문,한식 음식점업,명동,37.55890319,126.9834041,명동풍천민물장어 일식 수산물 민물장어전문 한식 음식점업,명동%20명동풍천민물장어,https://m.place.naver.com/restaurant/1480011629
95811,오군,분식,라면김밥분식,분식 및 김밥 전문점,명동,37.56769837,126.9803867,오군 분식 라면김밥분식 분식 및 김밥 전문점,명동%20오군,https://m.place.naver.com/restaurant/20888940
96153,몰또이탈리안에스프레소바,커피점/카페,커피전문점/카페/다방,비알콜 음료점업,명동,37.5644057,126.9862157,몰또이탈리안에스프레소바 커피점 카페 커피전문점 카페 다방 비알콜 음료점업,명동%20몰또이탈리안에스프레소바,https://m.place.naver.com/restaurant/1430587054
96350,디저트쓰리,커피점/카페,커피전문점/카페/다방,비알콜 음료점업,명동,37.56821344,126.9816022,디저트쓰리 커피점 카페 커피전문점 카페 다방 비알콜 음료점업,명동%20디저트쓰리,https://m.place.naver.com/restaurant/1253828309
96784,코코버블티,커피점/카페,커피전문점/카페/다방,비알콜 음료점업,명동,37.56462428,126.9843903,코코버블티 커피점 카페 커피전문점 카페 다방 비알콜 음료점업,명동%20코코버블티,https://m.place.naver.com/restaurant/1850542321
97600,매머드익스프레스청계,커피점/카페,커피전문점/카페/다방,비알콜 음료점업,명동,37.56821344,126.9816022,매머드익스프레스청계 커피점 카페 커피전문점 카페 다방 비알콜 음료점업,명동%20매머드익스프레스청계,https://m.place.naver.com/restaurant/1307598214
97739,김삼보김치찌개,한식,한식/백반/한정식,한식 음식점업,명동,37.56106382,126.982141,김삼보김치찌개 한식 한식 백반 한정식 한식 음식점업,명동%20김삼보김치찌개,https://m.place.naver.com/restaurant/1554063007
97778,어펜드커피로스터스,커피점/카페,커피전문점/카페/다방,비알콜 음료점업,명동,37.56451661,126.9833957,어펜드커피로스터스 커피점 카페 커피전문점 카페 다방 비알콜 음료점업,명동%20어펜드커피로스터스,https://m.place.naver.com/restaurant/1401476830
98210,루체,커피점/카페,커피전문점/카페/다방,비알콜 음료점업,명동,37.56584618,126.9787593,루체 커피점 카페 커피전문점 카페 다방 비알콜 음료점업,명동%20루체,https://m.place.naver.com/restaurant/1261041106
98724,장독대,한식,한식/백반/한정식,한식 음식점업,명동,37.56508772,126.9869422,장독대 한식 한식 백반 한정식 한식 음식점업,명동%20장독대,https://m.place.naver.com/restaurant/1514847140
99229,푸라닭,닭/오리요리,후라이드/양념치킨,치킨 전문점,명동,37.56471871,126.9838457,푸라닭 닭 오리요리 후라이드 양념치킨 치킨 전문점,명동%20푸라닭,https://m.place.naver.com/restaurant/1973976023
99639,광화문프렌즈,한식,한식/백반/한정식,한식 음식점업,명동,37.56900236,126.9759315,광화문프렌즈 한식 한식 백반 한정식 한식 음식점업,명동%20광화문프렌즈,https://m.place.naver.com/restaurant/1592955263
99883,쓰리펍,유흥주점,호프/맥주,기타 주점업,명동,37.55843021,126.9849838,쓰리펍 유흥주점 호프 맥주 기타 주점업,명동%20쓰리펍,https://m.place.naver.com/restaurant/1716296726
100724,리사르커피명동,커피점/카페,커피전문점/카페/다방,비알콜 음료점업,명동,37.56177364,126.9881982,리사르커피명동 커피점 카페 커피전문점 카페 다방 비알콜 음료점업,명동%20리사르커피명동,https://m.place.naver.com/restaurant/1529023045
100772,요꼬쪼,유흥주점,로바다야끼,일식 음식점업,명동,37.56451563,126.9832825,요꼬쪼 유흥주점 로바다야끼 일식 음식점업,명동%20요꼬쪼,https://m.place.naver.com/restaurant/1174608937
